og_brand,og_name,copy_brand,copy_name,notes
24,Gold Oud Edition,Fragrance World,Wenty Four Gold Oud Edition,
24,Gold Oud Edition,Lattafa,Raghba,
Abercrombie and Fitch,Fierce,Mont Blanc,Legend,
,,Halloween,Man Rock on,
,,,Beau Acute,
,,Mont Blanc,Legend Edt/ Edp,Recommended Edp for More Mature Scent and Performance
,,Geparlys Parfums,Pure Icon,
Abercrombie and Fitch,Instinct,Lattafa,Ejaazi Silver,6ixscents: Lattafa Version of First Instinct
Acqua Di Parma,Colonia Oud,French Avenue,Enigma Trois,
Acqua Di Parma,Colonia Oud,Paris Corner,Emir Resurrection,
Acqua Di Parma,Note Di Colonia Ii,,Fig of Amalfi,
Ahmed Al Maghribi,Bidun Esam,French Avenue,The Promise,
Ajmal,Hatkora Wood,Fragrance World,Hardcore Wood,
Alexandre.J,Morning Muscs,Maison Alhambra,Modern Musk,
Amouage,Beach Hut Man,Paris Corner,Killer Oud Cabana,
,,La Ree Fragrances,Bungalow Tiki Man,
,,,Paradise Sunrise,
Amouage,Blossom Love,Al Haramain,Junoon Rose,
Amouage,Bracken Man,Fragrance World,Abraaj Brackish,
Amouage,Crimson Rocks,Fragrance World,Abraaj Carmine,
Amouage,Enclave,Fragrance World,Abraaj Enclosure,
Amouage,,Armaf,Derby Clubhouse Ascot,
,,Lattafa,Al Areeq,
,,Paris Corner,Killer Oud,
,,,Italian Waters V,
,,Paris Corner,Killer Oud Ethic,
Amouage,Epic Woman,,Mrs. Sultan’s Elixir,
Amouage,Gold Man,Maison Alhambra,Brulant Oud,
Amouage,Honour Man,Fragrance World,Abraaj Revere,
Amouage,Imitaton Man,,Betrayal,
Amouage,Interlude,Swiss Arabian,Shaghaf Oud Abyad,
,Interlude,,Al Zafaran Midnight Oud,
Amouage,Interlude Black Iris,Fragrance World,Abraaj Velour Night Iris,
Amouage,Interlude Black Iris for Men,,King's Precious Iris & Oud,
Amouage,Interlude Man,Maison Alhambra,Ethnic Oud,
,,Afnan,Supremacy Incense,
,,,Midnight Oud,
Amouage,Interlude Woman,,Queen’s Precious Oud,
Amouage,Jubilation,,Golden Rush,
,,,Jubilee,
,,Paris Corner,Killer Oud Jubilant,Recommended
,,Paris Corner,Abraaj Oud,
Amouage,Lyric Man,Paris Corner,Killer Oud Lyre Intense,
Amouage,Meander,,Harmony,
Amouage,Memoir Man,Maison Alhambra,Optus Vii,
Amouage,Opus Xii – Rose Incense,Fragrance World,Posh Alpha,
Amouage,Overture Man,Paris Corner,Killer Oud Overdose,
Amouage,Reflection for Her,,With Love From Oman,
Amouage,Reflection Man,,The Run Way,
,,Khadlaj Perfumes,Shiyaaka,Best Clone Le Male Refined
,,Paris Corner,Killer Killer Oud Revolution,Recommended
Amouage,Sunshine Man,,Aurora Borealis,
,,,,
,,Paris Corner,Killer Killer Oud Sunrise,
Antonio Banderas,Blue Seduction,Fragrance World,Bleu Seduction,
Ariana Grande,Cloud,,Club Derby Manchester,
Armand Basi,In Red,Maison Alhambra,Aromatic Rouge,
Armani,Attitude,,Egyptian Attitude,
Atelier Cologne,Bergamot Soleil,,Blazing Bergamot,
Atelier Cologne,Pomelo Paradis,,Pomelo From Paradise,
Azzaro,Chrome Legend,,Italiano Uomo,
Azzaro,Interlude,,Azzaro,
Azzaro,Most Wanted,Lattafa,Ansaam Silver,"Opening Like Wanted by Night, Drydown 80-90% Most Wanted"
Azzaro,Pour Homme,,The Ruler,
Azzaro,The Most Wanted,,Oud Najdia,
Bath & Body Works,Mahagony Wood,Fragrance World,Hard Wood,
Bdk,Gris Charnel,French Avenue,Francique Bronze 63.55,
Bdk,Rouge Smoking,French Avenue,Francique Silver 107.9,
Bdk Parfums,Creme De Cuir,,Novillo Leather,
Bdk Parfums,Gris Chanel,,Carnal Grey,
Bdk Parfums,Gris Charnel,,Liam,
Bdk Parfums,Oud Abramad,,Lllllllllll,
Bdk Parfums,Sel D'argent,,Sea of Dua,
Bella Bellissima,Riviera Lime,,La Spezia Lime,
Benigna Parfums,Absolute Celebration,,I Won,
Benigna Parfums,Escape Velocity,,Inertia,
Benigna Parfums,Premier Amour,,Luxurious Couple,
Billie Eilish,Eilish,,Nebras,
Billie Eilish Fragrances Ellish,,La Ree Fragrances,Vanilla Dream,
Boadicea The Victorious, Azrak,,Dua Formula 005,
Boadicea The Victorious,Blue Sapphire,,Sapphire Sky,
Boadicea The Victorious,Brittania,,Roman Britain,
Boadicea The Victorious,Chariot,,Reins of the Steed,
Boadicea The Victorious,Dasman,,Pride of Kuwait,
Boadicea The Victorious,Decade,,Decennium,
Boadicea The Victorious,Glorious,,For the Glory,
Boadicea The Victorious,Green Sapphire,,Lush Sapphire,
Boadicea The Victorious,Hanuman,,Strength of Wind,
Boadicea The Victorious,Ignite,,Luminous Heat,
Boadicea The Victorious,Intricate,,Leather of the Complex,
Boadicea The Victorious,Love Potion,,Love Dungeon,
Boadicea The Victorious,Solar,,Solar Flare,
Boadicea The Victorious,Valiant,,Valor,
Boadicea The Victorious,Violet Sapphire,,Purple Sapphire,
Boadicea The Victorious,Blue Sapphire,,Dubai Lifestyle,
Bogetta Veneta,Bottega Veneta Pour Homme Extreme,,Versace Eros,
Bond No 9,Bond 9 Bleecker St,Szindore,Street Harbour,
,,La Ree Fragrances,177a,
Bond No 9,Bond 9 Greenwich Village,La Ree Fragrances,Adirondack Springs.,
Bond No. 9,Andy Warhol,,Montagne Pineapple Royale,
Bond No. 9,Bleecker Street,,Greenwich Village,
Bond No. 9,Bleeker St.,,Emerald Street,
Bond No. 9,Dubai Indigo,,Stone of Awareness,
Bond No. 9,Dubai Jade,,Refe,
Bond No. 9,Texas,,Lone Star,
Bond No. 9,Tribeca,,Bade'e Al Oud Honour and Glory,
Bottega Venetata,Bottega Venetta Pour Homme,Afnan,Supremacy Noir,
Bulgari,Aqva Pour Homme,Maison Alhambra,Aquilo Pour Homme,
Bulgari,Kobraa,,Enter the Cobra,
Bulgari,Kobraa9,,Sceptre Malachite,
Bulgari,Le Gemme Men Tygar,Afnan,Turathi Blue,
,,Lattafa,Al Qiam Silver,
,,Alexandria Fragrances,Black Panther,
,,Armaf,Odyssey Tyrant Sspecial Edition,"Twist, Bdc+ Tygar + Sauvage"
,,Theoreme Homme,Rue Broca,Best Clone
Bulgari,Le Gemme Orom,,Sceptre Oceana,
Bulgari,Man in Black,Smart Collection,410,95% Close- Joy Amin
,Man in Black,Zara,Night Pour Homme 1,
Bulgari,Man Wood Essence,Maison Alhambra,Extra Woods,
Bulgari,Tygar,,Enter the Tiger,
Bulgari,Tygar Le Gemme,Maison Alhambra,Bronzite Sceptre,
,Tygar Le Gemme,Afnan,Théorème Homme Rue Broca,
Burberry,Antique Oak,,Winter Woods,
Burberry,Her Elixir,La Ree Fragrances,Strawberry Her Potion,
By Kilian,Apple Brandy,,Wasted Moment,
By Kilian,Back to Black,,Fade to Black,
By Kilian,Intoxicated,,Dark Knight,
By Kilian,Moonlight in Heaven,,Moonlight in Paradise,
By Kilian,Musk Oud,,Darkwood Rose,
Byredo,,Paris Corner,Vibrant Vetiver,
,,,Azonto,
,,,Paris 1920,
,,,Africano,
Byredo,Bibliotheque,Maison Alhambra,Berlinetta,
Byredo,Black Saffron,Maison Alhambra,by Saffron,
,Black Saffron,,Darkside of Saffron,
Byredo,Gypsy Water,La Ree Fragrances,Fortune Teller,
Byredo,Mojave Ghost,,Mojave Sand,
Byredo,Pulp,,What You Lust for,
Byredo,Reine De Nuit,,Floral Night,
Byredo,Sellier,,Saddle Maker,
Byredo,Sundazed,Lattafa,Awaan,
,Sundazed,,Dazed,
Byredo,Tobacco Mandarin,Paris Corner,Emir Spicy Tobacco,
,,,Tabacum De Mandarino,
Calvin Klein,Eternity,,Acqua Immortale,
Calvin Klein,Euphoria,Maison Alhambra,Euzonea,
Calvin Klein,Obsession for Men,,His Obsession,
Carolina Herrera,212,Maison Alhambra,No. 2 Men,
Carolina Herrera,Bad Boy,Maison Alhambra,B.a.d Homme,
,,La Ree Fragrances,Rebal Man,
Carolina Herrera,Burning Rose,Maison Alhambra,Exclusif Rose,
Carolina Herrera,Ch Men,,Error 407,
,,,Sweet Suede,
Carolina Herrera,Ch Men Prive,,Error 411,
Carolina Herrera,Ch Men Prive,,A Private Man,
Carolina Herrera,Emerald Musk,,Green Musk,
Carolina Herrera,Golden Myrrh,La Ree Fragrances,Sunday Memories,
Carolina Herrera,Good Girl,Bint Hooran,Ard Al Zaafaran,
,,Zara,Deep Garden,
,,La Ree Fragrances,Heels in the Bedroom,
,,Rasasi,Shahgaf Femme,
,,,Naughty Girl,
,,Maison Alhambra,B.a.d Femme,
Carolina Herrera,Iris Empire,,Dua’s Empire of Iris,
Carolina Herrera,Mysterious Tobacco,Paris Corner,Charuto Mysterious Tobacco,
,,Maison Alhambra,Exclusif Tabac,Gent Scents Recommended
,,Afnan,Tobacco Rush,Gent Scents Recommended
Carolina Herrera,Oud Couture,Maison Alhambra,Exclusif Oud,
Carolina Herrera,Saffron Lazuli,Maison Alhambra,Exclusif Saffron,
Carolina Herrera,Very Good Girl,Zara,Rose Petal Drops,
Caron,Tabac Blond,,Blonde Tabacum,
Cartier,Must De Cartier,,Must De Dua,
Cerruti,Image,,Error 409,
Chanel,Allure Edition Blanche,,,
Chanel,Allure Homme,,His Og Aspiration,
Chanel,Allure Homme Edition Blance,,His Aspiration (edition Bianca).,
Chanel,Allure Homme Sport,,Alpine Homme Sport,
,,,De La Marque Brune,
,,,Medalist,
,,,Wave,
,,Paris Corner,Pendora Scents Bachelor Homme Sport,
,,Ard Al Zaafaran,Dirgham Limited Edition,Best Clone
Chanel,Allure Homme Sport Eau Extreme,,His Aspiration (extreme Sport Edition)his Aspiration (extreme Sport Edition),
Chanel,Allure Homme Sport Eau Extreme,Usa Inspired Fragrances,Fragrances- Allure Men Intense,Recommended
Chanel,Anataeus,,Blast From the Past,
Chanel,Bleu De Chanel,,Bachelor Homme Sport,
,,Szindore,Bleu,
,,Missoni,Parfum Pour Homme,
,,Afnan,9am Dive,
,,Essense Vault,299,
,,,Bleu De Dua,
,,,Bleu Memoire,
,,Armaf,Club De Nuit Blue Iconic,Inspired
,,,Holl,
,,,Navy Black,
,,,Pure Instinct,
,,,Tag Him,
,,Maison Alhambra,Blue De Chance,"Recommended Pretty Close, From the Decant I Try, Close to Edt"
,,Geparlys Parfums,Yes I Am the King Le Parfum,"Voted by Mfc/parfumo Best Bdc Parfum Clone, Aromatix: Best Edt Clone"
,,Al Haramain,Amber Oud Bleu Edition,
,,Afnan,Historic Olmeda,"Inspired(bdc, Aventus, Sauvage Mix), Highly Rated"
,,Salvatore Ferragamo,Acqua Essenziale,Pretty Nice
,,Armaf,Voyage Blue,"Voted by Mfc Best Armaf Bdc Clone, Outdated, Now Iconic"
,,Frank Olivier,Night Touch,Edtxedp
,,Paris Corner,Pendora Scents the Blue,
,,Dabalmdotcom,Bleu De Balm,Balm
,,Talking Scents,Price and Pressurized Sprayer,"Incredible Scent, Price and Pressurized Sprayer, 2 Hrs of Longetivity"
Chanel,Bleu De Chanel Eau De Parfum,,Bleu De Dua Attar,
Chanel,Bleu De Chanel Edt,,Amber Oud Blue,
Chanel,Boy,,Dua Boy,
Chanel,Bye Bye Blackbird,Luxodor,Bye Bye Blackbird,
Chanel,Chance,Lattafa,La Muse Chance,
Chanel,Chance Eau Tendre,,Applejuice,
Chanel,Coco Mademoiselle,Next,Eau Nude,
,,Armaf,Club De Nuit Woman,
,,Lidi,Suddenly Madame Glamour,
,,Aldi,Velvet Rose Edt,
,,,Pendora Allusion Eau Sport Extreme,
,,,Allure Men Intense,
,,,Usa Inspired Fragrances,
,,Maison Alhambra,Chants Tenderina,
Chanel,Coromandel,,China Affair,
Chanel,Coromandel,,Sophisticated,
Chanel,Egoiste Platinum,,Old Story,
Chanel,Gabrielle,,Dear Gabby,
Chanel,Le Lion De Chanel,,Lion of Dua,
Chanel,Mademoiselle,,Serene,
Chanel,Mademoiselle,Maison Alhambra,Como Moiselle,
Chanel,Platinum Egoiste,Frank Olivier,Eau De Passion,
,,,Legesi,
,,Armaf,Legasi,
,,Legesi Homme,Armaf,
Chole,Edt,,Milton Llyoid Hawai,
Chopard,Oud Malaki,,Sotoor Waaw,
Christian Dior,Ambre Nuit,,Amber Night,
Christian Dior,Bois D'argent,,Silver Wood,
Christian Dior,Fahrenheit,,69 Fahrenheit,
Christian Dior,Feve Deliciouse,,Gourmand Kiss,
Christian Dior,Homme Intense,,Velvet Iris,
Christian Dior,Oud Ispahan,,Oriental Leather,
Christian Louboutin,Loubicrown,,Crowned by Dua,
Christian Louboutin,Loubikiss,,A Scent Memory,
Christian Louboutin,Loubirouge,,Rouge Dua,
Clive Christian,1872,,Summer 1872,
Clive Christian,Crab Apple Blossom,,Blooming Red,
Clive Christian,Rock Rose,,Rock & Rolla with Roses,
Clive Christian,X for Men,,Anonyme X,
Clive Christian,X for Women,,Anonyme Xx for Her,
Clive Christian,X Neroli,,Anonyme X: Neroli Edition,
Coach,Dreams Sunset,Maison Alhambra,Sunset Rose,
Contessa,Moresque,,Bold Sensuality,
Creed,,,Creed,
Creed,Aventus,Armaf,Club De Nuit Intense Men Edt/edp/limited Edition,Recommended
,,,Mont Blanc Explorer,
,,,Lrf Successful Emperor Extrait,
,,,Montagne Perfume,
,,,Pineapple Vintage Intense,
,,,Lataffa Shaheen Silver,
,,,Al Dur Al Maknoon Silver,
,,,Avant,
,,,Brasilia,
,,,Essence of Peace for Men,
,,,I Love New York,
,,,L’aventure Intense,
,,,New Haarlem,
,,,Poseidon’s Cafe,
,,,Poseidon's Elixir 11z Go,
,,,Poseidon’s Elixir 13zz,
,,,Rumz Al Rasasi,
,,,Tres Bon,
,,,Vibrant Leather,
,,Al Haramain,L'aventure (original/intense),Recommended
,,Mont Blanc,Explorer,
,,Lattafa,Al Dur Al Maknoon,"Cheap Citrus Opening, Very Smoky, After First 10 Mins, Full Smokiness, Last Maybe 5 Hrrs"
,,Lattafa,Shaheen Silver,"Fruit Batch, Very Good"
,,Rasasi,Zebra,
,,Armaf,Supremacy Silver,Recmmended (opening)
,,Khadlaj Perfumes,Infini,
,,,Brasilia Prive,
Creed,Aventus Absolu,Maison Amade,Kali Kedua,
,,The Dua Brand,Posieidon's Absolu Elixir,"Pretty Good, More Green"
,Aventus Absolu,Scentual Obsessions,Absolute King,"A Hint More Spice, Very Similiar"
Creed,Aventus Cologne,,Pineapple Frais,
,,La Ree Fragrances,Successful Cologne,
,,,Brasilia Cologne,
,,,Poseidon's Cologne,
Creed,Aventus for Her,,Amphitrite’s Elixir,
,,,Cleopatra,
,,,Pomme Pour Elle,
,,,Qasamat Rasana,
,,La Ree Fragrances,Her Success,
,,,Al Haramain L’aventure Pour Femme,
Creed,Baie De Genievre,,A Greener Dua,
,,,Highlands,
,,,Royal Portugal,
Creed,Erolfa,,Amber Oud Exclusif Emerald,
,,La Ree Fragrances,Mediterranean Seas,
,,,High Seas,
,,Amber Oud Exclusif,Emerald,
Creed,Green Irish Tweed,,Tres Nuit,
,,La Ree Fragrances,Green Ireland,
,,,L'aventure Knight Al Haramain,
,,,Amber Oud Carbon Edition,
,,,Egra,
,,,Irish Verbena,
,,,L'adventure Knight,
,,,Raghba for Man Limited Edition,
,,,The Irish Gentleman,
,,,Vert Gentilhomme,
,,Davidoff,Cool Water,"Dont Overspray, Dislike Detergent Opening, the Drydown Is Interesting, It Does Start to Grow on Me a Bit"
,,Armaf,Le Parfait,Aventus X Green Irish Tweed
,,Lattafa,Raghba for Men,One of the Best Dupe for Git at Its Price Point
,,Estiara,Stag Black,
,,Al Haramain,Amber Oud Carbon,
,,Sean John,Unforgivable,
Creed,Green Valley,,Vert Instinct,
Creed,Himalaya,La Ree Fragrances,Alaska Winter,
,,,Everest,
Creed,Himalaya,,Himalaya Mountains,
Creed,Jardin,,Amalfi Coast,
Creed,Jardin D'amalfi,,Boschetti Della Costa,
Creed,Love in Wait,,Elegance in a Bottle,
Creed,Millesime 1849,,Year of 1849,
Creed,Millesime Imperial,,Citron Del Mar,
,,,Club De Nuit Milestone,
,,,Imperialé Pastèque,
,,,Malay Aklan,
,,La Ree Fragrances,Golden Empire,
Creed,Neroli Sauvage,,Dirty Orange,
,,,Wild Neroli,
Creed,Original Santal,,Origins of Santal,
Creed,Original Santal,,Santal Silk,
Creed,Pure White Cologne,,Bianca Pura,
Creed,Royal Mayfair,,West End District,
Creed,,,Lrf King Agar,
,,Afnan,Highness Green,
,,,Highness Iii,
,,,Royalty,
Creed,Royal Princess Oud,,Her Majesty’s Oud,
Creed,Royal Service,,The Virtuoso,
Creed,Royal Water,,Aqua Heaven,
Creed,Santal Original,La Ree Fragrances,Native Santal,
Creed,Silver Mountain Water,,Maharjan Silver,
,,,L'aventure Blanche Al Haramain,
,,,Lrf Platinum Peaks River,
,,Armaf,Cdn Sillage Creed,
,,Afnan,Supremacy in Heaven,
,,Armaf,Club De Nuit Sillage,Recommended
,,Armaf,Derby Clubhouse Blanche,
,,Al Haramain,L'aventure Blanche,
,,Rasasi,Al Wisam Day,
Creed,Silver Mountainr,,Water of Arabia,
Creed,Spice & Wood,,Bois Précieux Et Épices,
Creed,Vetiver,,Vintage Roots 1948,
Creed,Viking,La Ree Fragrances,Odin’s Voyage,
,Viking,,Scarlet Warrior,
Creed,Viking Cologne,,Scarlet Warrior Cologne,
,,Oakcha,Secret Lagoon,
,,,Hawaiian Volcano by Alexandria,
,,,Caribbean Waters,
Creed,Viw,La Ree Fragrances,Private Beach,
Creed,White Amber,,Avec Élégance,
Davidoff,Cool Water,,His Dua Water,
Davidoff,Cool Water for Her,,Her Dua Water,
Davidoff,Good Life,,Great Life,
Davidoff,Good Life Women,,Her Great Life,
Dior,Aqua Fahrenheit,,Celsius Water,
Dior,Eau Sauvage,,Cosmopolitan Vintage,
Dior,Fahrenheit,Armaf,Bois Luxura,
Dior,Fahrenheit,Maison Alhambra,Fortnight,
Dior,Fahrenheit,,Mercedes Benz Intense,
Dior,Feve Delicieuse,Paris Corner,Frenetic Delicieuse,
Dior,Feve Delicieuse,,Beauteous Delight,
Dior,Gris Dior,Maison Alhambra,Grise,
Dior,Gris Montaigne,,Femme Fatale,
Dior,Higher Energy,,#energetic,
Dior,Homme,Zara,Pour Homme 3,
Dior,Homme,,Pride of Armaf Men,
Dior,Homme Cologne,,Reminiscent,
Dior,Homme Eau for Men,,Intense Eau Homme,
Dior,Homme Intense,Paris Corner,Emir Frenetic Homme Intense,
,,Armaf,Futura La Homme,
,,Geparlys,Parfums Idole La Nuit,
,,,Kayaan Classic,
,,Ard Alkhaleej,Sheikh Zayed Limited Edition,
,,Paris Corner,Pendora Scents Club Intense,"75% Simlarity, Cheap"
,,Geparlys Parfums,Idole La Nuit,Best Clone (aromatix 2023)
Dior,Homme Parfum,,Intense Homme Attar,
,Homme Parfum,,Gary's Den,
Dior,Homme Sport,,Intense Homme Sport,
Dior,Hypnotic Poison,,Hypnotizing Venom,
Dior,J'adore,,Jadin De Paris by Maison Alhambra,
,,Zara,Wonder Rose,
,,Maison Alhambra,Jardin De Paris,
Dior,J'adore,Zara,Rose,
Dior,Leather Oud,Maison Alhambra,L'oudh,
Dior,Miss Dior,,Essence Fall Back to Nature,
,,Essence,Fall Back to Nature,
Dior,Miss Dior Blooming Bouquet,Zara,Nude Bouquet,
Dior,Oud Ispahan,,Frank Olivier Oud Touch,
,,,Oudh 36 Nuit,
,,Frank Olivier,Oud Touch,
Dior,Oud Rosewood,Maison Alhambra,Rose Oud,
Dior,Poison Girl,Maison Alhambra,Fusion Girl,
Dior,Poison Girl,Lattafa,Yara,
Dior,Purple Oud,Maison Alhambra,Purple Wood,
,,,Arijwani Aoud,
Dior,Sauvage,,Ventana Pour Homme Armaf,
,,Afnan,Modest Une,
,,Walid Fragrance,- Neon,
,,Ajmal,Kuro,
,,,Derby Club House Intense,
,,,Hunter Intense,
,,,Modest Pour Homme Une,
,,,Salvo,
,,,Ventana,
,,Armaf,Pride of,Might Be Smoother Than Ventana
,,Armaf,Club De Nuit Urban Man Elixir,Dior Sauvage + Slight Creed Aventus
,,Armaf,Magnificent,
,,Szindore,Conquer,"Opening a Bit Weak But Dry Down Is Freaking Strong and Powdery, Last Forever, I Dont Quite Like the Sauvage Dna Though"
,,Maison Alhambra,Salvo Intense,Edp Clone
,,Cyrus,Writer for Men,
Dior,Sauvage Eau De Parfum,,I Am the King Ard Al Zaafaran,
Dior,Sauvage Edt,,La Ciel De Nuit,
Dior,Sauvage Elixir,Alexandria Fragrances,Ete Sauvage Elixir,Recommended
,,,Alexandria Fragrances Ete Sauvage Elixir,
,,Lattafa,Asad,
,,,Ciel Elixir,
,,,Montagne,
,,,Salvo Elixir,
,,Paris Corner,Pendora Scents Saviour Elixir,"Recommended, First 30 Min Diff, Then Similiar, 10-12 Hrs"
,,Fragrance World,Enigma Une,One of the Best
,,Szindore,Elixir,
Dior,Sauvage Parfum,,The Savage Attar,
Dior,,,Color of Tabacum,
,Tobacolor,Maison Alhambra,Tabac,
Dior Diorama,Yves Saint Laurent,,Opera Noir,
Dk Parfums,Pas Ce Soir,,Her Ambition,
Dkny,Be Delicious,Zara,Twilight Mauve,
Dolce,Insense,,Hysteria,
Dolce & Gabbana,Anthology L'imperatrice 3,Maison Alhambra,Iii L'impressio Pour Femme,
,,Lattafa,Tamima,
Dolce & Gabbana,By Man,,Pour Homme,
Dolce & Gabbana,Dolce and Gabbana K,,Ra'ed Luxe Lattafa,
Dolce & Gabbana,Dolce Peony,Zara,Peony,
Dolce & Gabbana,K,,Kingsman,
Dolce & Gabbana,K,,Ra'ed Luxe,
Dolce & Gabbana,Light Blue,La Ree Fragrances,Shades of Blue,
,,Lattafa,24k White Gold,
Dolce & Gabbana,Light Blue Eau Intense,Santalys,Invocation,
Dolce & Gabbana,Light Blue Italian Love,La Ree Fragrances,Amore in Italy,
Dolce & Gabbana,Light Blue Woman,,Nykaa Joie De Vivre,
Dolce & Gabbana,Luminous Night,,1 & Only Luminous,
,,,Moonlit Night,
Dolce & Gabbana,Masculine,,Dua’s Masculinity,
Dolce & Gabbana,Pour Homme,,Vintage Man,
Dolce & Gabbana,The One EDT/EDP,Paris Corner,Pendora Scents Dream Catcher,
,,Lattafa,Qasaed Al Sultan,
,,Szindore,the Last One,"A Tad Bit More Sweet and Light/fruity, More Like Edt Clone, Malaysia Brand"
,,,Victorinox Swiss Army Black Steel Edt,
,The One Edt/edp,Victorinox,Swiss Army Black Steel Edt,Recommended (inspired)
Dolce & Gabbana,The One Exclusive Edition,Maison Alhambra,Nuit Royale Exclusive Edition,
Dolce & Gabbana,The One Gold,Zara,Black Amber,
Dolce & Gabbana,The One Luminous Night,Zimaya,Brave Heart,
Dunhill,Desire Red,,Frank Olivier Sun Java Intense,
Dunhill,Desire Red,Frank Olivier,Sun Java Intense,Recommended
Elie Saab,Le Parfum Royal,Maison Alhambra,Eminent Royal,
Elie Saab,Le Parfum Royal,Lattafa,Mazaaji,
Emporio Armani,Emporio Arman Because It's You,Maison Alhambra,Your Touch for Women,
Emporio Armani,Leather,,Oud 24 Hours Majestic Gold,
Emporio Armani,Stronger with You,Paris Corner,Pendora Scents You Are Mine,
,,Maison Alhambra,Your Touch,
,,Zara,Amber Ego,
,,Cyrus,Chancellor Ultimate,
,,Armaf,Odyssey Homme White,Recommended
Emporio Armani,Stronger With You Absoulutely,Afnan,Ornament Pour Homme,
,,Fragrance World,Proud of You Absolute,
Emporio Armani,Stronger with You Intensely,Geparlys Parfums,Yes I Am the King Icon,Recommended
Emporio Armani,Stronger with You Leather,Ard Al Zaafaran,Oud 24 Hrs Gold,Recommended
Emporio Armani,Stronger with You Oud,Althoor Al Alam,Ishqat Lail Forever,Fragrance World Subsidiary
Escada,Island Kiss,,Tropical Kiss,
Escada,Magnetism,,Sisley,
Escentric Molecules,Molecule 01,,Monocline 01,
Estée Lauder,Estee Lauder Bronze Goddess,Lacura,Summer Empress Edp,
Ex Nihilo,Amber Sky,,Sky of Amber,
Ex Nihilo,Fleur Narcotique Love Edition,,Lustful Paradise,
Exscada,Magnetism,,Magnetic,
F,Ierce,,#fierceattar,
Fleur Narcotique,Ex Nihilo,Maison Alhambra,Narcotic Flowaer,
Floraiku,Gf,,Homecoming,
Fragrance Du Bois,Brume Du Matin,,Under the Radar,
Fragrance Du Bois,London Oud,,British Oud,
Fragrance Du Bois,Oud Bleu Intense,,Aoud Intense Bleu,
,,,Bleu Oud,
Fragrance Du Bois,Oud Jaune Intense,,Aoud Intense Sunlight,
Fragrance Du Bois,Oud Noir Intense,,Noir Oud,
Fragrance Du Bois,Oud Orange Intense,,Aoud Intense Orange,
Fragrance Du Bois,Oud Orange Intense,,Orange Oud,
Fragrance Du Bois,Oud Vert Intense,,Aoud Intense Vert,
,,,Oud Verde,
Fragrance Du Bois,Oud Violet Intense,,Violet Oud,
Fragrance Du Bois,Petales De Cashmere,,Cashmere Flower,
Fragrance Du Bois,Santal Complet,,Rich Santal,
Fragrance One,Office for Men,,Cubicle for Men,
Fragrance One,Office for Men,,Ejaazi,
Francesca Bianchi,Sex and the Sea Neroli,,Tale of a Sea Seduction,
Franck Boclet,Cocaïne,,Al Faris,
Frederic Malle,Carnal Flower,,Carnal Desire,
Frederic Malle,Dans Tes Bras,,In the Dark,
Frederic Malle,Fajr,,Dusk,
Frederic Malle,French Lover,,Paramour,
Frederic Malle,Lipstick Rose,,Rosa’s Lipstick,
Frederic Malle,Musc Ravageur,,Naram's Elixir,
Frederic Malle,Portrait of a Lady,,Portfolio Floral Sculpture,
,,Paris Corner,Identity Unique Portrait,
,,Maison Alhambra,the Artist No. 2,
,,Fragrance World,French Portrait,"Recommended (not for Everyone, Only If You Like Rose Heavy)"
Frederic Malle,Promise,,Promise Exclusif,
,,,Promise Speciale,
,,,The Unbreakable Vow,
Frederic Malle,Rose & Cuir,,Rosa & Leather,
Frederic Malle,Superstitious,,#lucky,
Frederic Malle,The Moon,,Apollo,
Frederic Malle,The Night,,Dawn,
Giorgio Armani,Acqua Di Gio,,Lisboa by Zara,
,,,Paris Hilton Just Me,
,,Perry Ellis,360 Red,
,,,Acqua Di Dua,
Giorgio Armani,Acqua Di Gio Absolu,,Rabanne,
,,Rasasi,Hawas,
,,,Belcam G Eau Bronze,
Giorgio Armani,Acqua Di Gio Edt,Frank Olivier,Blue Touch,
,,Armaf,Blur Homme,
,,Ajmal,Shiro,
Giorgio Armani,Acqua Di Gio Essenza,,Dua Essence of Water,
,,Bentley,for Men Silverlake,
Giorgio Armani,Acqua Di Gio Profondo,Armaf,Tres Nuit Lyric,
,,Maison Alhambra,Jorge Di Profundo,
,,Lattafa,Liam Blue,
,,Azzaro,Chrome Extreme,
Giorgio Armani,Acqua Di Gio Profumo,,Cc,
,,Ard Al Zaafaran,Jazzab Silver,Recommended
,,Lattafa,Suqraat,Recommended
,,Szindore,Mare Nostrum,
Giorgio Armani,Acqua Di Giò Absolu,,All You Need Is Love,
Giorgio Armani,Acqua Di Giò Profumo,,360° Red for Me Perry Ellis,
Giorgio Armani,Adg Profondo,,Azzaro Chrome Extreme,
Giorgio Armani,Armani Prive Bleu Turqoise,Emper,Privé Turquoise,
Giorgio Armani,Armani Prive Magenta Tanzanite,Emper,Privé Magenta,
Giorgio Armani,Armani Prive Musc Shamal,French Avenue,Musc D'prive,
Giorgio Armani,Armani Prive Oud Royal,,Opulent Oud,
Giorgio Armani,Armani Prive Rose D'arabie,,Sehr Al Sheila,
,,Emper,Privé Arabian Rose,
Giorgio Armani,Armani Prive Rose Milano,Fragrance World,Serene Rose,
Giorgio Armani,Armani Prive Rouge Malachite,,Opulent Red,
,,,Red Mineral,
Giorgio Armani,Armani Prive Rouge Malachite,Maison Alhambra,Niche Royal Rouge,
Giorgio Armani,Armani Prive Vert Malachite,Maison Alhambra,Niche Royal Vert,
Giorgio Armani,Code Profumo,Sapil,Bound,
,,,Ahlaamak,
Giorgio Armani,Code Profumo X 1 Million,,Hayaati Gold Elixir,
Giorgio Armani,Code Sport,,Code of Dua,
Giorgio Armani,Emporio,,You're Mine,
Giorgio Armani,My Way,,Sublime Epoque by Zara,
,,Lattafa,Mayar,
Giorgio Armani,Prive Bleu Turquoise,,Green Mineral,
Giorgio Armani,Prive Rouge Malachite,Emper,Privé Rouge,
Giorgio Armani,Privé Rose D'arabie,Lattafa,Velvet Rose,
Giorgio Armani,Profumo,Sapil,Bound for Men,
Giorgio Armani,Profumo,Zara,Sublime Epoque,
Giorgio Armani,Stronger with You,Armaf,Victory,
Giorgio Armani,Stronger with You,Riiffs,Wonder of You,
Giorgio Armani,Stronger with You Intensely,,Yes I Am the King Icon Geparlys,
Gissah Perfumes,Sava,Lattafa,Khamrah,"Khamrah Is Sava Clone, Not Angel Share"
Givenchy,Gentleman Reserve Privée,Althoor Al Alam,Fakhir,Fragrance World Subsidary
Givenchy,Gentlemen,,Adeeb,
Givenchy,Gentlemen Only,,Just for You Homme,
Givenchy,Gentlemen Only,Lattafa,Just for You,"Close, But Synthethic a Bit with No Iris"
Givenchy,Homme Intense,,Reserve Privee,
Givenchy,Insense,,#emotional,
Givenchy,L'interdit,Maison Alhambra,L'intrude,
Givenchy,L'interdit Rouge,Maison Alhambra,L'intense Rouge Addictiono,
Givenchy,Pi,,Slice of Pi,
Givenchy,Play Intense,,Intense Play with Dua,
Givenchy,Pour Homme,,The Ruler of His Empire,
Goldfield & Banks,Bohemian Lime,,Artistic Lime,
Goldfield & Banks,Pacific Rock Moss,,Dua’s Mossy Rock,
Goldfield & Banks,Wood Infusion,,Infused Wood,
Gucci,A Chant for the Nymph,Maison Alhambra,the Chant,
Gucci,A Midnight Stroll,Maison Alhambra,the Trail/ the Serpent,
Gucci,Ambrosia,,Floral Ambrosia by Maison Alhambra,
Gucci,Asong for the Rose,Maison Alhambra,the Myth,
Gucci,Bloom,Maison Alhambra,Floral Bloom,
Gucci,Bloom Ambrosia Di Fiori,Maison Alhambra,Floral Ambrosia,
Gucci,Bloom Profumo Di Fiori,Maison Alhambra,Floral Profumo,
Gucci,Envy,,Covet,
,,,Invidia,
Gucci,Flora Edt,Maison Alhambra,Florence,
,,Zara,Cashmere Rose,
Gucci,Flora Gorgeous Gardenia,,La Ree Frafrances Endless Floral Gardens,
Gucci,Flora Gorgeous Gardenia,Al Haramain,Amber Oud Ultra Violet,
Gucci,Guilty Pour Homme Edt,Zara,Silver,
Gucci,Intense Oud,,Intense Oud Arabian Oryx,
Gucci,Pour Homme (2003),Bentley,for Men Absolute,
Gucci,Pour Homme I,,Man Card,
Gucci,Pour Homme Ii,,Man Card Vip,
Gucci,The Voice of the Snake,Maison Alhambra,the Trail,
Gucci,Winter's Spring,,Brisk Breeze,
Guerlain,Angelique Noire,,Dark Angelica,
Guerlain,Cuir Beluga,,Dua’s Suede,
,,,Intense Leather,
,,,Qaa'ed Al Shabaab,
Guerlain,Gourmand Coquin,,Dark Chocolate,
,,,Rum,
,,,And Vanilla,
Guerlain,Habit Rouge Dress Code,,Dua’s Dress Code,
Guerlain,Iris Ganache,,Iris & White Chocolate,
Guerlain,Iris Toreffie,,Iris Cafe,
Guerlain,L'homme Ideal,Armaf,Radical,
Guerlain,L'homme Ideal Extreme,,Supreme L'homme Extreme,
Guerlain,L'instant De Guerlain Pour Homme Eau Extreme,,#addicted,
Guerlain,Mitsouko Extract,,Classic,
Guerlain,Muguet,,Divine Green,
Guerlain,Oud Essentiel,,Essentials of Aoud,
Guerlain,Patchouli Ardent,Maison Alhambra,Amberley Ombre Blue,
Guerlain,Tonka Imperiale,,Tonkalicious,
Guerlain,Vol De Nuit,,Vintage 1933,
Henry Jacques,Blue Vanille,,Vanille De Azur,
Henry Jacques,Correspondence,,Unwritten,
Henry Jacques,Irois,,Best Citrus Ever,
Henry Jacques,Kavianca,,Fashionable Personality,
Henry Jacques,No. 11 De Sacha,,No. 11 De Dua,
Hermes,Ambre Narguile,,Amberlicious,
Hermes,Ambre Narguille,,Amberlicious Coffee,
Hermes,Eau Claire Des Merveilles,,Tenderness,
Hermes,Eau De Mandarine Ambree,,Amber & Mandarin,
Hermes,Eau De Rhubarbe Ecarlate,,Rouge Carmin,
Hermes,Eau Des Merveilles,,Chic Sublime,
Hermes,Epice Marine,,Timeless Citrus,
Hermes,Iris Ukiyoe,,The Floating World,
Hermes,Jour D'hermes,,Sunlight Daydream,
Hermes,Jour D'hermes Absolu,Lattafa,Ekhtiari,
Hermes,Myrrhe Eglantine,,Lush Blend,
Hermes,Santal Massoia,,Massoa Resin,
Hermes,Terre D'hermes,,Orange County,
,,,Tour Pour Homme,
,,Armaf,Eternia Man,
,,Rasasi,Fattan,"Strong Pepper Note, But Pleasant Dry Down"
Hermes,Terre D'hermes Eau Tres Fraiche,,Terre D’dua Fraiche,
Hermes,Twilly D'hermes,Maison Alhambra,Tweet,
Hermes,Un Jardin Apres La Mousson,,Anticipation,
Hermes,Un Jardin En Mediterranee,,Mediterranean Breeze,
Hermes,Un Jardin Sur Le Nil,,Complexity of Citrus,
Hermes,Un Jardin Sur Le Toit,,Pure Zen,
Hermés,Terre D'hermes Parfum,,Toro by Maison Alhambra,
House of Sillage,N.001,,Singularity,
Hugo Boss,Boss No. 1,,Hey! Bossman,
Hugo Boss,Bottled,Chistiano Ronaldo,Christiano Legacy,Inspired (boss Bottled X Boss Bottled Night)
Initio,Atomic Rose,Lattafa,Bade'e Al Oud Amethyst,Recommend
,,Maison Alhambra,Infini Rose,
Initio,Oud for Greateness,Maison Alhambra,Infini Oud,
,,Afnan,Supremacy in Oud,Recommended
Initio,Oud for Greatness,Lataffa,Oud for Glory,
Initio,Oud for Happiness,Lattafa,Al Noble Saheer,
Initio,Paragon,Lattafa,Al Nashama,
Initio,Side Effect,Fragrance World,Intro Aftermath,
Initio Parfums,Atomic Rose,,O-matic Rose,
Initio Parfums,Musk Therapy,,Dua Therapy,
Initio Parfums,Oud for Greatness,,Bade'e Al Oud Oud for Glory,
,,,Oudh Adam,
,,,Shadow Play,
Initio Parfums,Paragon,,Vintage Radio,
Initio Parfums,Psychedelic Love,,Aphrodisiac,
Initio Parfums,Rehab,,Action Nova,
Initio Parfums,Side Effect,,Collateral Damage,
Initio Parfums Prives,Atomic Rose,,Bade'e Al Oud Amethyst Lattafa,
Initio Parfums Prives,Initios Side Effect,Fragrance World,After Effect,
Issey Miyake,L'eau D'issey Pour Homme Noir Ambre,Asdaaf,Majd Al Sultan,
Issey Miyake,Polaris,,Qaa'ed,
Jean Paul Gaultier,Elixir,Grandeur Elite,Elit Tribal Gold,
Jean Paul Gaultier,Fleur De Male,,Error 415,
Jean Paul Gaultier,La Belle,Maison Alhambra,Glacier Bella,
Jean Paul Gaultier,Le Beau,Paris Corner,Kaheela Platinium,
Jean Paul Gaultier,Le Male,Cuba,Gold by Cuba for Men,
Jean Paul Gaultier,Le Male Le Parfum,,Error 404 Attar,
Jean Paul Gaultier,Le Male Le Parfum,Maison Alhambra,Glacier Le Noir,
Jean Paul Gaultier,Scandal,,Jean Paul,
Jean Paul Gaultier,Scandal,Armaf,Odyssey Mandarin Sky,
Jean Paul Gaultier,Scandal,Maison Alhambra,Candid,
Jean Paul Gaultier,Scandal by Night,,Candid Tonight,
Jean Paul Gaultier,Scandal for Her,,The Candid,
Jean Paul Gaultier,So Scandal !,Maison Alhambra,So Candid,
Jean Paul Gaultier,Ultra Male,,Lataffa Rqmz Silver,
Jean Paul Gaultier,Ultra Male,Afnan,21:00,
,,,Error 406,
,,,Ramz Silver,
,,Rue Brocha,Touche,
,,Maison Alhambra,Glacier Ultra,
Jean Paul Gaultier,Vintage Le Male,,Error 404,
Jo Malone,Blackberry & Bay,,Bay of Berries,
Jo Malone,Blackberry & Bay,Jenny Glow,Berry & Bay,
Jo Malone,Bronze Wood & Leather,,Leather Woodlands,
Jo Malone,Dark Amber & Ginger Lily,Jenny Glow,Amber & Lilly,
Jo Malone,English Oak & Hazelnut,,British Hazeloalk,
Jo Malone,English Oak & Redcurrant,,British Redoak,
Jo Malone,English Pear & Freesia,Jenny Glow,Pear and Freesia,Pretty Close
Jo Malone,Incense & Cedrat,,Citrus Incense,
Jo Malone,Lime Basil & Mandarin,Jenny Glow,Lime & Basil,
Jo Malone,Mimosa & Cardamom,Jenny Glow,Mimosa & Cardamom,
Jo Malone,Myrrh & Tonka,,Dua,
,,,Mr. Sillage,
Jo Malone,Orange Bitters,,Citrus Saturation,
Jo Malone,Oud & Bergamot,,Berga Aoud,
Jo Malone,Pomegranate Noir,,Aldo No 3. Pomegranate,
,,,Apple of Grenada,
Jo Malone,Pomegranate Noir,Jenny Glow,Pomegranate,
Jo Malone,Velvet Rose & Oud,,The Body Shop Rebel Rosebud,
Jo Malone,Velvet Rose & Oud,,Aoud Velrose,
Jo Malone,Wood Sage & Sea Salt,,Herbs & Sea Salt,
,,,Herbs & Sea Salt Special Edition,
,,Jenny Glow,Wood & Sage,
Jo Malone,Wood Sage and Sea Salt,Jenny Glow,Wood Sage & Sea Salt,
Jo Malone Lime,Basil & Mandarin,,The Perfume Edit Lime & Basil,
Joop!,Homme,,The Shit,
Juicy Couture,I Am Juicy Couture,Zara,Ultra Juicy,
Juicy Couture,Juicy Coutur Viva La Juicy,Zara,Pink Flambe,
Juliette Has a Gun,Not a Perfume,,#noperfume,
Kajal,Lamar,Lattafa,Lataffa Qaed Al Fursan,
Kayali,Eden Juicy Apple,,Bade'e Al Oud Subline,
Kayali,Invite Only Amber,Paris Corner,Kaheela Lux,
Kemi Blending Magic,Aurum,,Strawberry,
Kemi Blending Magic,Aurum,,Chocolate & Oud,
Kilian,Angel Share,,Enigma Deux,
,,Paris Corner,Emir Fire Your Desire,
,,,Heavens Scent by Oakcha,
,,Maison Alhambra,Kismet Angel,
,,,Montage Intense,
,,Fragrance World,Fragance Cocktail Intense,90% Similiar
,,Fragrance World,Royal Blend,2nd Closest
,,Borouj,Sillage,Very Close
,,Alexandria Fragrances,Brooklyn Fragrance Lover,"Best, Closest"
,,Yasmeen,Khamr Share,
,,Harumme,Angelique Du Bois,Inspired
,,Khadlaj Perfumes,Perfume La Fede Intoxicate,
,,,Cognac D'ange,
Kilian,Apple Brandy,,Apple Cognac,
Kilian,Back to Black,Maison Alhambra,Emir When the Soul Gets High,
Kilian,Black Phantom,,Phantom Noir,
Kilian,Good Girl Gone Bad,Maison Alhambra,Kismet for Women,
Kilian,Intoxicated,Paris Corner,Emir You're Drugged,
Kilian,Killian Black Phantom,La Ree Fragrances,Night Wizard,
Kilian,Killian Love Don’t Be Shy,La Ree Fragrances,Confident Love,
Kilian,Killian Princess,La Ree Fragrances,Independent Princess,
Kilian,Killian Roses on Ice,La Ree Fragrances,Winter Rose,
Kilian,Killian Vodka on the Rocks,,Kismet Moscow by Maison Alhambra,
Kilian,Single Malt,The Dua Brand,Spiritus Dei,
Kilian,Vodka on the Rocks,Maison Alhambra,Kismet Moscow,
Kilian,Angels' Share,,Angelic Elixir,
,,,When Souls Get High,
,,,You're Drugged,
Kilian,Back to Black,,Honey Laced Tabac,
,,,Niche White Diamond,
Kilian,Black Phantom,,Black Widow,
Kilian,Forbidden Games,,Amberythme,
Kilian,Good Girl Gone Bad,,Rose & Chocolate Kisses,
Kilian,Good Girl Gone Bad Extreme,,Extreme Rebellion,
Kilian,I Don't Need a Prince by My Side to Be a Princess,,Rosa on Ice,
Kilian,Intoxicated,,Euphoric,
Kilian,Kisses Don't Lie,,Soul Smoke,
Kilian,Moonlight in Heaven,,Heaven’s Moonlight,
Kilian,Playing with the Devil,,Deal with the Devil,
Kilian,Rolling in Love,,Lovebound,
Kilian,Roses on Ice,,Slow Kill,
Kilian,Single Malt,,The Knight,
Kilian,Smoke for the Soul,,Taboo Games,
Kilian,Straight to Heaven,,Nirvana,
Kilian,Vodka on the Rocks,,Bottoms Up,
Lacoste,Blanc/ Lacoste L1212,Szindore,Croc,
Lacoste,Eau De Lacoste L.12.12,,Red Vanilla,
Lacoste,L12.12 White,Armaf,Hunter,
Lacoste,L12.12 White,Zara,8,
Lacoste,Pour Femme,Maison Alhambra,Coastal Pour Femme,
Lalique,Encre Noire,Maison Alhambra,Anchor Black,
Lancome,Idole L'intense,Zara,Memoire Intense,
Lancome,Idole L'intense,Maison Alhambra,Pride,
Lancome,La Nuit Tresor a La Folie,Maison Alhambra,Nuit De Folie,
Lancome,La Vie Est Belle,Maison Alhambra,La Vita Bella,Recommended
,,Lattafa,Al Azraa,Recommended
,,Riffs,Wonder of You Pour Femme,Recommended
Lancome,La Vie Est Belle Intensement,Maison Alhambra,La Vita Bella Intensa,
Lancome,La Vie Est Belle Intensement,Zara,Majestic Opulence,
,,,M&s Pink Pepper,
,,Rasasi,Hawas for Her. Lancome Oud Bouquet : Swiss Arabian Shaghaf Oud,
,,Lattafa,Oud Mood,
,,Primark,Ps Love Noir,
Lancome,Oud Bouquet,,Aoud Bouquet,
,,,Damascus Rose,
,,,Inara Oud,
,,,Shaghaf Oud,
Lancome,Oud Bouquet Eau De Parfum,,Santal's Kiss,
Lanvin,Eclat D'arpege,Maison Alhambra,Aura D'eclat,
Le Labo,Another 13,,Another 13 Shades,
Le Labo,Another 13,,Another 14,
Le Labo,Bergamote 22,,Eau Bergamote,
Le Labo,Citron 28,,28 Shades of Citron,
Le Labo,Gaiac 10,,Eau Gaiac,
Le Labo,Labdanum 18,,24 Shades of Patchouli,
Le Labo,Limette 37,,37 Shades of Limette,
Le Labo,Lys 41,,41 Shades of Lys,
Le Labo,Rose 31,,18 Shades of Labdanum,
Le Labo,,,Eau Rose,
Le Labo,Santal 33,Le Monde Gourmand,Santal Supreme,
,,,22 Shades of Vanille Bergamot,
,,,Eau Santal,
Le Labo,Santal 34,Oakcha,Ruhe,
Le Labo,Santal 35,Zara,Energetically New York,
Le Labo,Vetiver 46,,46 Shades of Vetiver,
Les Liquides Imaginaires,Blanche Bête,Genre Parfums,Essence,
Louis Vuitton,Cactus Garden,,Garden of Thorns,
Louis Vuitton,California Dream,,Cali Life,
Louis Vuitton,Etoile Filane,,Wish on a Star,
Louis Vuitton,I'immensite,,Jean Lowe Immortal by Maison Alhambra,
Louis Vuitton,Imagination,,Ab,
Louis Vuitton,Imagination,,Louis,
Louis Vuitton,L'immensite,,Alexandria,
Louis Vuitton,L'immensite,Maison Alhambra,Jean Lowe Immortal,
Louis Vuitton,Les Sables Roses,Paris Corner,Emir Lueur D’espoir Arena,
Louis Vuitton,Matiere Noire,Maison Alhambra,Jean Lowe Matiere,
Louis Vuitton,Meteore,,#themeteore,
Louis Vuitton,Nouveau Monde,Maison Alhambra,Jean Lowe Nouveau,
Louis Vuitton,Nouveau Monde,Sterling Parfums,Flavia Nouveau Ambre,
Louis Vuitton,Nuit De Feu,,Darkside of Leather,
Louis Vuitton,Nuit De Feu,Paris Corner,Emir Lueur D’espoir Noche,
Louis Vuitton,Ombre Nomade,Maison Alhambra,Jean Lower Ombre,
,,,Amber Musk,
,,,Faqat Lil Rijal,
,,,Leather for the Ages,
,,,Royal Night,
,,Zimaya,Night Shadow,
Louis Vuitton,On the Beach,,#beachvibes,
Louis Vuitton,Orage,,The Taste of Orange,
Louis Vuitton,Pur Oud,Maison Alhambra,Amberley Pur Oud,
Louis Vuitton,Sun Song,,The Sun Sings,
Louis Vuitton,Sur La Route,,A Citrus Route,
M Micallef,Mon Parfum Cristal,,Wajd,
Maison Francis Kurkdijan,Baccarat Rouge 540,Lattafa,Rouge,Recommended
,,Maison Alhambra,Baroque Rouge Extrait,Recommended
,,Al Haramain,Amber Oud Ruby,Recommended
,,Samy Andraus Fragrances,Red Sapphire,
Maison Francis Kurkdijan,Baccarat Rouge 541,Dossier,Ambery Saffron,Exact Same
Maison Francis Kurkdijan,Baccarat Rouge 542,Al Haramain,Amber Oud Rouge,Recommended
Maison Francis Kurkdijan,Baccarat Rouge 543,Armaf,Club De Nuit Untold,Recommended
Maison Francis Kurkdijan,Baccarat Rouge 544,Szindore,Royal 54,
Maison Francis Kurkdijan,Baccarat Rouge 545,Ariana Grande,Cloud,Recommended Sweet Cotton Candy Opening
Maison Francis Kurkdijan,Baccarat Rouge 546,The Woods Collection,Natural - Flame,
Maison Francis Kurkdijan,Baccarat Rouge 547,Al Haramain,Manege Rouge,Recommended
Maison Francis Kurkdijan,Baccarat Rouge 548,Maison Alhambra,Baroque Rouge 540,
Maison Francis Kurkdijan,Baccarat Rouge 549,Burberry,Her Edp,
Maison Francis Kurkdijan,Baccarat Rouge 551,Zara,Red Temptation,
Maison Francis Kurkdijan,Grand Soir,Lattafa,Pride Eternal Oud,
,,Paris Corner,North Stag Neuf Ix,
,,Fomo,Illusion D'un Soir,Gent Scents Recommended
Maison Francis Kurkdijan,Oud Satin Mood,Maison Alhambra,Baroque Satin Oud,
Maison Francis Kurkdjian,Acqua Vitae Cologne Forte,,Acqua Del Mundo Cologne Attar,
Maison Francis Kurkdjian,Aqua Celestia,,Rose for Him,
Maison Francis Kurkdjian,Aqua Celestia Forte,,Rain Water,
Maison Francis Kurkdjian,Aqua Universalis Forte,,Across the Universe,
Maison Francis Kurkdjian,Baccarat Rouge 540,,Casino Royale,
,,,For Him Red Edition,
,,,Gharaam,
,,,Interplay,
,,,Le Bonbon,
,,,Le Bonbon Intense,
,,,Opulent Musk,
,,,Private Musk,
,,,Qasamat Bareeq,
,,Manege Rouge,Al Haramain,
,,Ana Abiyedh,Rouge Lattafa,
,,Armaf,Untold,
Maison Francis Kurkdjian,Baccarat Rouge 540 Extrait,,Casino Royale Nights Attar,
,,,Casino Royale Nights Gold,
,,,Casino Royale Nights Special Edition,
,,,Dark Casino Royale Nights,
,,,Philos Rosso,
,,,Haramain Amber Oud Ruby Edition,
,,,Retro Flare (gold),
Maison Francis Kurkdjian,Feminin Pluriel,,Pure for Her,
Maison Francis Kurkdjian,Gentle Fluidity Gold,Orientica,Velvet Gold,
Maison Francis Kurkdjian,Gentle Fluidity Silver,,Retro Flare (silver),
Maison Francis Kurkdjian,Grand Soir,,Alha,
,,,Amber Grand,
,,,Crater,
,,,Eternal Oud,
,,,Paris Night,
Maison Francis Kurkdjian,L'homme a La Rose,,Citrus Rose,
Maison Francis Kurkdjian,Oud Satin Mood,,Ministry of Oud - Oud Satin,
Maison Francis Kurkdjian,Oud Satin Mood,,Nostalgia,
Maison Francis Kurkdjian,Petit Matin,,Sunday Morning,
Maison Margiela,Autumn Vibes,,Tasmeem Men,
Maison Margiela,By the Fireplace,,Ameer Al Oudh Intense Oud Lattafa,
,,,Masion Du Soir,
,,Paris Corner,Emir Campfire,85% Similiar
,,Lattafa,Raghba Wood Intense,Recommended(close to Btf Than Ameer Al Oud Intense Oud)
,,Zara,Ebony Wood,
,,Zara,Bohemian Oud,
Maison Margiela,Jazz Club,,Brooklyn Jazz,
,,Paris Corner,North Stag Phenomenal Quatorze Xiv,
Maison Margiela,Replica Bubble Bath,,#soapy,
Maison Margiela,Replica Jazz Club,Dossier,Woody Tobacco,
Maison Margiela,Replica Matcha Meditation,,Matchalicious,
Maison Martin Margiela,By the Fireplace,,Ameer Al Oudh Intense,
,,,Camp Fire,
,,,Majd Al Sultan Asdaaf,
Mancera,Aoud Cafe,,Raghba Wood Intense for Man,
,,,Aoud and Vanille,
,,Maison Alhambra,Oud Vanille,
Mancera,Cedrat Boise,,Emir Cedrat Essence,
,,,Cedrat Essence Emir,
,,,Oudh Al Misk,
,,,Raed Silver Edp,
,,Arabiyat Prestige,Ishatar Citrrus Oud,
Mancera,Coco Vanille,,Qaed Al Fursan Unlimited,
Mancera,Instant Crush,,Afkaar,
,,,Super Crush,
,,Paris Corner,Emir Super Crush,
,,Monarch,Instant Gold Crush,
Mancera,Red Tobacco,Maison Alhambra,Instant Tobacco,
,,,Tobacco Rouge,
,,Paris Corner,Emir Wild and Tobacco,
Mancera,Roses Vanille,Lattafa,Ajwad,
,,Zara,Roses Gourmand,
,,,Crystal Rose,
,,,Montaigne Vanille,
,,,Teef Al Hub,
,,Paris Corner,Emir Vanilla & Roses,
Mancera,Tonka Cola,Paris Corner,Emir Cherry Cola,
Manos Gerakinis,Jardin Secret,,Luminous Charm,
Marc Antoine,Barrois Ganymede,Paris Corner,Emir Celestial,
Marc Antoine,Marc Antoine Barrois Ganymede,,Bois Imperial,
Marc Jacobs,Daisy,Pharmacia,Blush D'orchidée,
Marc Jacobs,Daisy,Avon,Eve Truth,
Marc-antoine Barrois,Ganymede,,Galilean,
Masque Milano,(homage To) Hemingway,,Essence of Vetiverum,
Masque Milano,Luci Ed Ombre,,White Florals and Incense,
Masque Milano,Montecristo,,Oglasa,
Masque Milano,Russian Tea,,Tea De Russie,
Masque Milano,Tango,,Takes 2 to Tango,
Masque Milano,Terralba,,Sardinia Provincia,
Masque Milano,Times Square,,Fashionista,
Matiere Premiere,Cologne Cedrat,,Cedar Cologne,
Matiere Premiere,Neroli Oranger,,Neroli & Orange Cologne,
Mdci Parfums,Bleu Satin,,Satin Azure,
Mdci Parfums,Cuir Cavalier,,Historic Leather,
Mdci Parfums,Invasion Barbare,,Invasion of the Barbers,
Mdci Parfums,L'homme Aux Gants,,Lost in Translation,
Melanie Martinez,Cry Baby Perfume Milk,La Ree Fragrances,Baby’s Favorite,
,,,African Magic,
,,,Cuìr De Afrìcano,
,,,Inara Black,
,,,Wild Leather,
,,Maison Alhambra,Afro Leather,
,,Paris Corner,African Leopard,
Memo Paris,French Leather,,Cuìr De Français,
,,,Carve on,
,,,Cuìr De Irlandés,
,,,La Yuqawam Ambergris Showers,
,,Maison Alhambra,Dublin Leather,
,,Lattafa,Leather,Slight Twist
Memo Paris,Italian Leather,,Cuìr De Mìlano,
,,,Rome,
Memo Paris,Moroccan Leather,,Cuìr De Morocco,
Memo Paris,Ocean Leather,,Cuìr De Oceanic,
Memo Paris,Russian Leather,,Cuìr De Russie,
Memo Paris,Russian Leather,Maison Alhambra,Russe Leather,
Memo Paris,Sicilian Leather,,Cuir De Sicily,
Memo Paris,Tamarindo,,Costarindo,
Memo Paris,Winter Palace,,Frosted Empire,
Mercedes Benz,Mercedez Benz Select Night,Armaf,Odyssey Homme,
Michael Kors,Midnight Shimmer,,Casablanca,
Mont Blanc,Explorer,Maison Alhambra,Encode,
Mont Blanc,Explorer Ultra Blue,Maison Alhambra,Encode Blue,
Mont Blanc,Legend Night,Maison Alhambra,Expose Intense,
Mont Blanc,Legend Spirit,Maison Alhambra,Expose Blanc,
Montale,Aoud Damascus,,Oud Al Mubakhar,
Montale,Aoud Queen Roses,,Oudi,
Montale,Arabian Tonka,,Mountain Nuit Paris,
Montale,Honey Aoud,,Shaghaf Oud Azraq,
Montale,Intense Cafe,Fragrance World,Mocha Wood,Gent Scents Recommended
Montale,Intense Roses Musk,,Madinah,
Montale,Mukhallat,,Makkah,
Montale,Nepal Aoud,Lattafa,24k Gold,
Montale,Rose Night,Lattafa,Shams Al Shampoos Rose Taifi,
Montale,Roses Musk,Maison Alhambra,Musk Vanille,
Montblanc,,,Derby Club House Gold,
Montblanc,Emblem,,Voyage,
Montblanc,Emblem,,Futura La Homme Intense,
Mugler,A Men Pure Havane,,Majestic Black,
Mugler,Alien,,Milton Llyoid Stars,
Mugler,Alien,Zara,Violet Blossom,
Mugler,Pure Havane,,Rt Insurrection Ii Wild,
Narciso Rodriguez,For Her,Maison Alhambra,Narissa for Her,
Narciso Rodriguez,Narciso,Maison Alhambra,Narissa,
Narciso Rodriguez,Narciso Eau De Parfum Ambrée,,Shahd,
Narciso Rodriguez,Narciso Rouge,Maison Alhambra,Narissa Rouge,
Nasomatto,Baraonda,,Fire Mind Control,
,,,Liquid Mind Control,
,,,The God Father,
Nasomatto,Black Afgano,,Anubis Kiss,
,,,Rumz Al Rasasi 9453 Pour Lui,
Nasomatto,Blamage,,Dignified Leather,
Nasomatto,Nudiflorum,,Shurah Pour Homme,
Nasomatto,Pardon,,No Apologies,
Nautica,Voyage,Barrett Fragrances,Ocean Odyssey,
Nicolai Parfumeur Createur,Patchouli Incense,,Xtreme Patch,
Nicolai Parfumeur Createur,Patchouli Intense,,Patchouli on Fire,
Nishane,Ani,,Drowning in Vanilla,
,,,Nasheet,
,,,Vanille Absolute,
Nishane,Hacivat,Afnan,Supremacy Not Only Intense,
,,Lataffa,Qaed Al Fursan,
,,,Hacienda,
,,,Hacivaz,
,,,Ottoman Breeze,
,,,Ottoman Breeze Attar,
Nishane,Nefs,,Century Xvi,
Nishane,Wulong Cha,,Oolong Tea,
Nj,Fahrenheit,,Celsius,
Nobile 1942,La Danza Delle Libellule,,Qasamat Ebhar,
Original Brand,Original Name of Perfume,,Clone Name of Perfume,
Original Brand,Original Perfume and Their Clones,Clone Brand,Original and Name,Community Comments Personal Comments
Ormond Jayne,Montabaco,,Gustavo,
Ormonde,Jayne Montabaco,,Latin Tabacum,
Ormonde,Jayne One.5,,Equilibrium 1.5,
Ormonde Jayne,Nawab of Oud Intensivo,,Prince of Oud,
Orto Parisi,Bergamask,,Hatkora Wood,
Orto Parisi,Megamare,,#mega,
,,,A Chaos in the Ocean,
,,Maison Alhambra,Megara,
Orto Parisi,Stercus,,Ameer Al Oudh,
,,,Maahir Black Edition,
,,Maison Alhambra,Maahir Black,
Orto Parisi,Terroni,Maison Alhambra,Terra,
Parfums De Marly,Althair,,The Eagle Has Landed,
Parfums De Marly,Ambre Sultan,,Niche Oud,
Parfums De Marly,Carlisle,Ard Al Zaafaran,Tafakhar,
,,La Ree Fragrances,Autumn Air,
,,,Cumbria,
,,Berouj,Perladour,
,,Maison Alhambra,Cassius,
,,Ard Al Zaafaran,Wafa,Pdm Carlisle X Kilian Black Phantom
,,Zara,Fashionably London,
Parfums De Marly,Cassili,,Dreamy Elixir,
Parfums De Marly,Delina,,Lady Diana,
,,,Pink Rose,
,,,Rose 01,
,,,Souvenir Floral Bouquet,
,,Maison Alhambra,Delilah,
Parfums De Marly,Delina Exclusif,Armaf,Imperiale,
,,,Miss Congeniality,
,,Armaf,Club De Nuit White Imperiale,
,,La Ree Fragrances,Bella Noble Exclusif,
Parfums De Marly,Galloway,,Scottish Breed,
,,,White,
Parfums De Marly,Godolphin,,Galatea,
Parfums De Marly,Greenley,,Dua Formula 003,
Parfums De Marly,Greenly,La Ree Fragrances,on the Green,
Parfums De Marly,Habdan,,Essence of Royalty,
Parfums De Marly,Herod,,Divine Vanille by Essential Parfums,
Parfums De Marly,Herod,,Arabian Horse,
,,,Hercules,
,,,King of Judea Attar,
,,,Radical Brown,
,,,Tobacco Noir,
,,,Tobacco Noir Intense,
,,Maison Alhambra,Alhambbra Hercules,
Parfums De Marly,Kalan,Maison Alhambra,Kalos,
,,La Ree Fragrances,Country Meadow,
,,,Détour Noir Al Haramain,
,,,Royal Chariot Attar,
,,,Royal Equestrian,
,,,Vanille Fraiche (new Formulation),
,,Amber Oud Exclusif,Genre Parfums,"Recommended, Closer Clone Than Detour Noir, Confirmed Not Haramain by Themself, Unknown Brand Copied Haramain Design"
,,Paris Corner,North Stag Deux,Aromatix: the New Best Clone
,,Al Haramain,Detour Noir,"70% Similiar, Flater Version, Lacking Performance"
,,Maison Alhambra,Leyden,
,,The Woods Collection,Natural - Dusk,The Best Layton Clone
,,Luxudor,Loyal Agar,
,,Harumme,Lay on Me,
Parfums De Marly,Layton Exclusif,La Ree Fragrances,Country Meadow Exclusif,
Parfums De Marly,Meliora,,Zee,
Parfums De Marly,Noir De Noir,,Club De Nuit Intense Women,
Parfums De Marly,Noir Extreme Twist,Just Jack,Noir Endurance,
Parfums De Marly,Oajan,,Apple Crumb,
Parfums De Marly,Oriana,Lattafa,Ansaam Gold,
Parfums De Marly,Pagesus,,Rose 01 Swiss Arabian,
,,Afnan,Flower Bouquet,
,,Armaf,Craze Pdm Delina- Maison Alhambra Delilah,
Parfums De Marly,Pegasis Exclusif,,Exclusif Mythical Horse,
Parfums De Marly,Pegasus,Maison Alhambra,Perseus,
,,,Craze,
,,,Greek Horse,
,,,Mythical Horse,
Parfums De Marly,Pegasus Exclusif,,Stallion Exclusif,
,,,Voyage Titan Pour Homme,
,,Maison Alhambra,Perseus Exclusif,
Penhaligon,Cedarhalfeti,,Mohra,
Penhaligon,Halfeti,,Village of Karaotlak,
Penhaligon,The Blazing Mr.sam,Fragrance World,Apex,
Polo,Blue,,Another Blue Dua,
Prada,Infusion D'iris,,Infused Iris,
Prada,L'homme,,Evoke Gold for Him Ajmal,
Prada,L'homme,Ajmal,Eovke Gold,
Prada,Luna Rossa,,Darkside of the Moon,
Profumum,Acqua Viva,,Acqua Solaris,
Profumum,Roma Dulcis in Fundo,,Dolce Vita,
Puredistance,M,,Distance,
Rabanne,1 Million,,Bois Nuit,
,,,Club De Nuit,
,,,Tag-him Prestige,
,,Zara,Uomo,Toned Downed Version
,,Lattafa,Arqus Private One,
,,Halloween,Man,
Rabanne,1 Million Absolutely Gold,,Stronger,
Rabanne,1 Million Elixir,,Atoor Al Alam Al Raiee Lil Rijal,
Rabanne,1 Million Lucky,,Mousuf Brown,
Rabanne,1 Million Lucky,Ard Al Zaafaran,Mousuf,"Inspired, Similar for the 1st Hour, Turn Sour"
Rabanne,1 Million Parum,,Shaghaf for Men,
Rabanne,Black Xs,Armaf,Italiano Nero,
,,,,
,,Zara,Man Gold,Top Notes a Bit Diff
Rabanne,Black Xs L'exces,Swiss Arabian,Shaghaf Men,
Rabanne,Black Xs L’exces,,Shawq,
Rabanne,Invictus,,Aura,
Rabanne,Invictus,Lattafa,Najdia,
,,,Rixos for Man,
,,,Ruthless,
,,,Victorioso,
Rabanne,Invictus Aqua,,El Cielo Pour Homme,
,,,Error 408,
,,,Nice Sapphire,
,,Frank Olivier,Sunrise Urban Ice,
,,Mont Blanc,Legend Spirit,Recommended
,,Zara,Seoul Summer,
,,Zara,Man Blue Spirit,
Rabanne,Invictus Aqua 2016,,Montblanc Legend Spirit,
Rabanne,Invictus Legend,,Victorioso Legend,
Rabanne,Invictus Victory,,Victorioso Victory,
Rabanne,Invictus Victory Elixir,,Epoque Artistique,
Rabanne,Invictus/ Invictus Acqua,,Hayaati,
Rabanne,Lady Million,,Women Zara Fabulous Sweet,
Rabanne,Lady Million,,Marks & Spencer Warm Neroli,
Rabanne,Olympea,Paris Corner,Pendora Scents Octavia Demure,
,,,Her Sensual Mist,
,,Lattafa,La Muse Angel,
Rabanne,Olympea Blossom,Maison Alhambra,Olivia,
Rabanne,Olympea Blossom,Maison Alhambra,Olivia Blossom,
Rabanne,Olympéa,Superdrug Layering Lab,Body Mist Paradise,
Rabanne,One Million,,Westside Leather and Spice,
Rabanne,Percival,,Legendary Knight,
Rabanne,Phantom,Lattafa,Hayaati Al Maleky,
Rabanne,Sedley,,Leedys,
,,,Maahir Legacy,
Rabanne,Shagya,,Arabian Breed,
Ralph Lauren,Polo,,Vintage 1978,
Ralph Lauren,Polo Green,,Bet on Green,
Ralph Lauren,Polo Red,,Bet on Red,
Ralph Lauren,Polo Sport,,Endorphin for Him,
,,,Gamer,
Ralph Lauren,Polo Supreme Cashmere,,Bet on Cashmere,
Ralph Lauren,Romance,Next,Just Pink,
Ralph Lauren,Romance for Her,,Her Affair,
Ralph Lauren,Romance for Him,,His Affair,
Rasasi,Hawas,Rasasi,Rassai Nafeis Al Shaghaf,Fresh Version of Hawas
Robert Cavalli,Deep Desire,Maison Alhambra,Le Carmine Pour Femme,
Robert Piguet,Knightsbridge,,Spellbound,
Roja Dove,Elysium,Paris Corner,Emir Trillium,
Roja Dove,Elysium,,Fa Paris Divin Asylum,
Roja Parfums,51 Pour Femme,,Dua Street 51 Femme,
Roja Parfums,A Goodnight Kiss,,Nightly Kiss,
Roja Parfums,A Midsummer Dream,,Enchantment,
Roja Parfums,Ahlam for Women,,Inimitable Personality,
Roja Parfums,Amber Aoud,,Gold Oudh,
Roja Parfums,Amber Aoud Absolue Precieux,,Oud Ambre Absolu,
Roja Parfums,Amber Oud,,Burj Khalifa,
Roja Parfums,Apex,,Highness X,
Roja Parfums,Britannia,Ard Al Zaafaran,Shafaq,
Roja Parfums,Brittania,,Shafaq Ard Al Zafaran,
Roja Parfums,Brittania,,The Kingdom of Uk,
Roja Parfums,Candy Aoud,,Candylicious,
Roja Parfums,Chypre Extraordinaire,,Chypré X,
Roja Parfums,Creation E,,King Tut,
Roja Parfums,Creation-e,,Midnight with the Mobster,
Roja Parfums,Danger,,Lethal,
Roja Parfums,De La Nuit 3,,Exotic 3,
Roja Parfums,Diaghilev,,Impresario,
Roja Parfums,Diaghilev,,Trepak,
Roja Parfums,Elixir Pour Femme,,Lady Elixir,
Roja Parfums,Elysiuim,,Supernova,
,,,Supernova 2tone Gold & Silver,
,,,Supernova Cologne Special Edition,
,,,Elysian Fraiche,
,,,Elysian Soleil,
,,,Elysian Zest,
,,,Supernova Rebirth,
,,Alexandria Fragrances,Zion,
,,Fragrance World,Fragance Imperium,
,,Fragrance World,- Divin Asylum,Closest Dupe
,,The Dua Brand,Supernova Attar,Heavy Oil Concentration
Roja Parfums,Elysium Parfum Cologne,,Elysian Cologne,
Roja Parfums,Elysium Parfum Cologne,,Elysian Intense,
Roja Parfums,Enigma,,Enigmatic Exclusif,
Roja Parfums,Enigma,,Enigmatic Spéciale,
Roja Parfums,Enigma Aoud,,The Mobster’s Aoud,
Roja Parfums,Enigma Pour Femme,,Mrs. Mobster,
Roja Parfums,Great Britain,,Britain,
Roja Parfums,H Aoud,,Alpha Aoud,
Roja Parfums,H the Exclusive Black Tier,,Exclusive Tier,
Roja Parfums,Haute Parfumerie Semi-bespoke 24,,Private Reserve 24,
Roja Parfums,L'oscar,,Pure London,
Roja Parfums,Love,,My Love,
Roja Parfums,Madison Pour Femme,,Bucharest Elixir Femme,
Roja Parfums,Manhattan,,Manhattan Booze,
Roja Parfums,Musk Aoud,,Regal Musk Oud,
Roja Parfums,Oceania,,Ocean of Dua,
Roja Parfums,Oceania,Makin' Scents,Triton,Recommended
Roja Parfums,Oligarch,,The Monarch,
Roja Parfums,Pierre De Velay 16,,Le-puy-en-velay 16,
Roja Parfums,Pierre De Velay 4,,Le Puy En Velay 4,
Roja Parfums,Roja Haute Luxe,,Gold Label,
Roja Parfums,Royale No. 4,,Forbidden No. 4,
Roja Parfums,Scandal Pour Femme,,Wicked! Femme,
Roja Parfums,Scandal Pour Homme,,Wicked!,
Roja Parfums,Sultanate of Oman,,Kingdom of Oman,
Roja Parfums,Sweetie Aoud,,Scrumptious,
Roja Parfums,Taif Aoud,,Majestic Taif,
Roja Parfums,Vetiver Extrait,,Vetivero,
Rosendo Mateu Olfactive Expressions,"Amber, Sensual Musk",Lattafa,Pride Ishq Al Shuyukh Gold,"Not As Floral, Close to Ysl Babycat Than Rosendo Mateu Nº 5"
Royal Crown,Celebration,,Elated,
Royal Crown,Sea Island,,Adventure Island,
Sauvage,Fierce,,Edition One Men,
Shiseido,Zen,Maison Alhambra,Zen,
Slumberhouse,Pear + Olive,,Succulent,
Sospiro,Accento,,Accent,
Sospiro,Anniversary,,Dua’s Anniversary,
Sospiro,Erba Pura,,Tropical Aura,
Spiritueuse,Double Vanille,,Vanille Overload,
Stephanie Humbert Lucas 777,Mortal Skin,,Immortal,
Thameen,Carved Oud,Borouj,Lamastat Oud,
Thameen,Carved Oud,Lattafa,Zaffiro Crafted Oud,
Thameen,Carved Oud,,Ziffirino,
Thameen,Regent Leather,Lattafa,Zaffiro Regale Thameen,
Thameen,Regent Leather,Maison Alhambra,Zaffiro Regale,
The One,Abercrombie & Fitch,,Dua’s Instinct,
The Spirit of Dubai,Turath,,Heritage,
Thierry Mugler,A*men Pure Havane,,When in Havana,
Thierry Mugler,Alien Oud Majestueux,,Alienated Aoud,
Thierry Mugler,Pure Malt,,Killer Instinct,
Thierry Mugler,Ultra Zest,,Zest,
Tiziana Terenzi,Andromeda,,Anarch,
Tiziana Terenzi,Cubia,,Sorrento,
Tiziana Terenzi,Gumin,,Gusta,
Tiziana Terenzi,Kirke,,Karaat,
Tiziana Terenzi,Kirke,,Kenzy,
Tiziana Terenzi,Kirke,Lattafa,Confidential Private Gold,
Tiziana Terenzi,Kuma,,Magnifico,
Tiziana Terenzi,Orza,,La Vela,
Tiziana Terenzi,Poggia,,Pogi,
Tiziana Terenzi,Porpora,,Love Nectar,
Tom Ford,8,,London Destination,
Tom Ford,Arabian Wood,,Ebony De Arabia,
Tom Ford,Beau De Jour,,Zino,
Tom Ford,Bitter Peach,,Bright Peach Maison Alahmbra,
,,,Bright Peach,
,,,Just Peach,
,,,Sour Peach,
Tom Ford,Black Opium,,Ambery Vanilla,
,,,Black Optra,
,,,Diva!,
,,,Fleur Noire,
,,,Gardenia,
,,,Little Black Dress,
,,,Midnight Nymph,
,,,Revolutionary Noire,
Tom Ford,Black Orchid,Ard Al Zaafaran,Oud 24 Hours,
,,,Black Spice Orchid,
,,,Celestial Flower,
,,Maison Alhambra,Black Origami,
Tom Ford,Bois Marocain,,Wood of Morocco,
Tom Ford,Cafe Rose,,Dark Pleasure,
Tom Ford,Cafe Rose,,Roses in the Cafe,
Tom Ford,Cherry Smoke,La Ree Fragrances,Campfire Cherry,
Tom Ford,Costa Azzura,,Stanley Beach,
Tom Ford,Ebene Fume,,Ebony Fume Fragrance World,
,,,Smoked Ebony,
,,Maison Alhambra,Ebony Fume,
Tom Ford,Extreme Noir,,The Extreme,
Tom Ford,F*cking Fabulous,,Funtastic,
Tom Ford,Fleur De Chine,,Flower of China,
Tom Ford,Fleur De Portofino,,Italian Bouquet,
Tom Ford,Fucking Fabulous,,F'ing Unbelievable,
Tom Ford,Fucking Fabulous,,Fabuloso Intense,
Tom Ford,Grey Vetiver,,50 Shades of Gray,
Tom Ford,Grey Vetiver,,Vetiver Vibes,
Tom Ford,Italian Cypress,,Italian Decorum,
,,,Italian Forest,
Tom Ford,Japon Noir,,Nights of Japan,
Tom Ford,Jasmin Rouge,,Regal Jasmine,
Tom Ford,Lavender Extreme,,X-treme Lavanda,
Tom Ford,Lost Cherry,,Alexandria's Fructus Virginis,
,,Lovely Cherie,Maison Alahmbra,
,,Amberry,Cherry by Dossier,
,,,Popped Cherry by Dua,
,,,Montagne Parfum De Cerise,
,,,Boozy Cherry,
,,,Cherry Smoothie,
,,,Parfum De Cerise,
,,Maison Alhambra,Lovely Cherie,
,,Afnan,Turathi Red,
,,Dossier,Ambery Cherry,
,,Chez Pierre,Fiction,
Tom Ford,Mandarino Di Almafi,Just Jack,Almafi Coast,
,,,Almar Coast Just Jack,
,,,Artisan Blu,
,,,Citrus Splash,
Tom Ford,Metallique,Dossier,Powdery Hawthorn,
Tom Ford,Moss Breches,,Chypré Suprême,
Tom Ford,Musk Pure,,Dua’s Purity of Musk,
Tom Ford,Nerli Portofino,Maison Alhambra,Porto Neroli,
Tom Ford,Nerli Portofino,Al Haramain,Portfolio Neroli Canvas,Stronger Than Original
,,,Alexandria Port,
,,,Neroli of Genoa,
Tom Ford,Neroli Portofino Edp,,Portfolio Neroli Canvas Al Haramain,
,,,Jeanne En Provence Neroli Intense,
,,,Alhambra Porto Neroli,
,,,Mark & Spencers Sea Salt and Neroli,
Tom Ford,Noir,Armaf,Odyssey Black,
Tom Ford,Noir Anthracite,,Coal of Dua,
Tom Ford,Noir De Noir,,Night Rosa,
Tom Ford,Noir Edp,,Amber Pour Homme Intense,
Tom Ford,Noir Extreme,,Nior Endurance Just Jack,
Tom Ford,Noir Extreme,,Select Night,
Tom Ford,Ombre Leather,,Mirsaal of Trust,
,,,Noir En Leather,
,,,Rare Carbon,
,,,Shumoukh Al Ghutra,
,,,Vintage Suede,
,,Maison Alhambra,Amber & Leather,
Tom Ford,Oud Minaral,,Wajwood,
Tom Ford,Oud Minerale,,Aoud & Minerals,
Tom Ford,Oud Minérale,My Perfumes,Oud Al Saqr,
Tom Ford,Oud Wood,,Woody Oud Maison Alahmbra,
,,,Aafiya Oud Silvestre,
,,,Bois Oudh,
,,,"E1005=hyperlink(""https://alexandriafragrances.com/collections/niche-inspirations/products/agar"",""agar"")",
,,,Icon Absolute,
,,,Oud Bois,
,,,Supremacy Gold,
,,,Versace Pour Homme Oud Noir,
,,,Woody Oud,
Tom Ford,Oud Wood Intense,,Agar Intense,
Tom Ford,Plum Japonais,,La Ree Springtime in Japan,
Tom Ford,Plum Japonais,,Forbidden Plum,
Tom Ford,Porto Neroli,,Amalfi Sunray,
Tom Ford,Rose Prick,,Rose Addict,
Tom Ford,Rose Prick,,Rose Petals,
Tom Ford,Santal Blush,,Adam Levine for Women,
Tom Ford,Soleil Blanc,Just Jack,Blanc,
Tom Ford,Soleil Blanc,,H&m Sunray,
Tom Ford,Soleil Blanc,Zara,Soleil Decade,
Tom Ford,Tobacco Oud,Perfume Parlour,Wood Leaf Tobacco Oud,
Tom Ford,Tobacco Oud,,T. Habanero Rania J,
Tom Ford,Tobacco Vanille,,Amber Oud Tobacco Edition Al Haramain,
,,Maison Alhambra,Tobacco Touch,
,,,Charuto Tobacco Vanille,
,,Al Haramain,Amber Oud,
,,Ard Al Zaafaran,Arad Wafa,
,,Zara,Warm Black,
,,Just Jack,Tobacco Leaf,
Tom Ford,Tuscan Leather,Maison Alhambra,Toscano Leather,
Tom Ford,Tuscan Leather,Rasasi,La Yuqawam,
Tom Ford,Uomo Noir Absolu,,Midnight Ecstasy Killer Oud,
Tom Ford,Vanille Fatale,,Nuit D'issey Pulse of the Night by Issey Miyake,
Tom Ford,Velvet Orchid,Just Jack,Wild Orchid,
Tom Ford,Violet Blonde,,Blondie by Dua,
Valentino,Uomo Intense,Saint Hilaire,Ambre Chic,
Valentino,Uomo Intense,Milestone Perfumes,Valencia Uomo Intense,
Valentino,V,Rasasi,Daarej,
Valentino,Voce Viva,Maison Alhambra,Voices,
Versace,Acqua Di Giò Profumo,,Al Qannas,
Versace,Bright Crystal,Maison Alhambra,Versencia Crystal,
Versace,Crystal Noir,Maison Alhambra,Versencia Noir,
Versace,Dylan Blue,,Bulgari Aqua Atlantiqve,
Versace,Eau Fraiche,Armaf,Aura Fresh,
Versace,Eros,,All You Need Is Desire,
Versace,Eros,Guess,Los Angeles 1981,Recommended(inspired)
Versace,Eros,Lattafa,Blue Sapphire,
Versace,Eros,Szindore,Amayas,
Versace,Eros Edt,Riiffs,Imperial Blue,
Versace,Eros Flame,Maison Alhambra,Versencia Rouge,
Versace,Eros Flame,Fragrance World,Fragance Des Tentacious Flame,
Versace,Pour Homme,Rasasi,Hatem,
Versace,Pour Homme,,Sauville Pour Homme,
Versace,Versense,Maison Alhambra,Versencia Essence,
Victoria Secret,Bombshell Edp,Zara,Orchid,
Victoria Secret,Bombshell Intense,Maison Alhambra,Pink Shimmer Secret Intense,
Victoria Secret,Bombshell Oud,Maison Alhambra,Pink Shimmer Secret Oud,
Victoria Secret,Very Sexy Night,Maison Alhambra,Very Velvet Noir,
Victoria Secret,Very Sexy Orchid,Maison Alhambra,Very Velvet Orchid,
Victoria Secret,Very Sexy Rouge,Maison Alhambra,Very Velvet Rouge,
Victoria Secret,Very Sexy Sea,Maison Alhambra,Very Velvet Aqua,
Viktor & Rolf,,,Floral Shock,
Viktor & Rolf,Antidote,,Counterattack,
Viktor & Rolf,Flower Bomb,Zara,Oriental,
Viktor & Rolf,Flowerbomb,,Flower Orchid,
Viktor & Rolf,Flowerbomb,,Heavy Petal,
Viktor & Rolf,Flowerbomb,Maison Alhambra,Victoria Flower,
Viktor & Rolf,Spicebomb,,Signature Night Armaf,
Viktor & Rolf,Spicebomb,Remy Latour,Cigar Black Wood,
Viktor & Rolf,Spicebomb Extreme,Reha,Initio Parfums Prives,
,,Bulgari,Man in Black,
,,Cremo,Spice & Black Vanilla,
,,,London,
Xe,24 Gold,,24 Carat Pure Gold,
Xerjoff,1861 Naxos,Perfume Parlour,Greek Island 1950,
Xerjoff,40 Knots,,Ramz Gold,
Xerjoff,Accento,,Voux Violette,
Xerjoff,Accento,Maison Alhambra,Philos Centro,
Xerjoff,Alexandria Ii,,Alexander the Great,
Xerjoff,Apollonia,,Zimaya Musk Is Great,
Xerjoff,Bouquet Ideale,,Inara White,
Xerjoff,Carved Oud,,Voux Elegante,
Xerjoff,Casamorati Lira,,Lyra,
Xerjoff,Dama Bianca,,Al Haramaine Junoon Noir,
Xerjoff,Erba Gold,,Oudain,
Xerjoff,Erba Pura,,Al Haramain Amber Oud Gold Edition,
,,,Al-shir Edp,
,,,Ana Abiyedh,
,,,Shaghaf Oud Ahmar,
,,,Voux Turquoise,
,,,Zimaya Amber Is Great,
,,Maison Alhambra,Philos Pura,
Xerjoff,Italica,,Italian Caramel,
Xerjoff,Lira,,Chocolate Dream,
Xerjoff,More Than Words,,Karnak Temple,
Xerjoff,More Than Words,,Maahir,
Xerjoff,Naxos,,Insurrection Pure 2 Wild,
Xerjoff,Naxos,Paris Corner,Emir Voux Elegante,
Xerjoff,Naxos,,Sicilian Tobacco,
Xerjoff,Naxos 1861,,1981x,
Xerjoff,Opera,Maison Alhambra,Philos Opus Noir,
Xerjoff,Richwood,,Rich Bois,
Xerjoff,Richwood,,Valley of the Kings,
Xerjoff,Symphonium,,Chocolaye Makes Me Happy by Unique Luxury,
Xerjoff,Symphonium,,Boss the Scent Private Accord,
Yohji Yamamoto,Paradox,,Paris Oud,
Yves Saint Lauren,Black Opium,,Lovali Black Addiction,
Yves Saint Lauren,Laurent Libre,,Bbw Fairytale,
Yves Saint Lauren,Libre Intense,Maison Alhambra,Libbra Intense,
Yves Saint Lauren,Mon Paris,Coach,the Fragrance by Coach,
Yves Saint Lauren,Mon Paris,Dossier,Fruity Brown Sugar,
Yves Saint Lauren,Mon Paris,La Rive,She's Mine,
Yves Saint Lauren,Rive Gauche Pour Homme,Armaf,Black Onyx,
Yves Saint Lauren,Rive Gauche Pour Homme,,Azzaro Pour Homme,
Yves Saint Lauren,Tuxedo,,Moustache Eau De Parfum Rochas,
Yves Saint Lauren,Tuxedo,Maison Alhambra,Kismet / the Tux,
Yves Saint Lauren,Y,Armaf,Odyssey Mega,
Yves Saint Lauren,Y,Lattafa,Fakhar Black,
Yves Saint Laurent,Babycat,Arabiyat Prestige,Nayel Queen,
,,,Arabiyat Prestige Nayel Queen,
,,,Ishq Al Shyuykh Gold,
Yves Saint Laurent,Babycat,,Rifaaqat,
Yves Saint Laurent,Black Opium,,#ERROR!,
Yves Saint Laurent,L'homme,,Homme Classique,
Yves Saint Laurent,L'homme Parfum Intense,,Niche Platinum,
Yves Saint Laurent,La Nuit De L'homme,,Ombre Noir,
Yves Saint Laurent,La Nuit De L'homme,Ted Lapidus,Poker Face,
Yves Saint Laurent,La Nuit De L'homme,Guess,Seduction Homme Blue,
Yves Saint Laurent,La Nuit De L'homme Blue Electrique,Fragrance World,Jack of Clubs,
Yves Saint Laurent,Libre,Maison Alhambra,Libbra,
Yves Saint Laurent,Libre Intense,,Golden Decade,
Yves Saint Laurent,Libre Intense,Lattafa,Tharwah Gold,
Yves Saint Laurent,Libre Intense,Sterling Parfums,Flavia Excellus Next,
Yves Saint Laurent,M7,Lataffa,Sheikh Al Shuyukh Final Edition,
Yves Saint Laurent,M7,,Ejazzi Silver Intense,
Yves Saint Laurent,M7 Oud Absolu,,Musamam,
Yves Saint Laurent,Mon Paris,Zara,Vibrant Leather for Her,
Yves Saint Laurent,Mon Paris,Maison Alhambra,My Party,
Yves Saint Laurent,Rive Guche Pour Homme Intense,,Niche Black Onyx,
Yves Saint Laurent,Tuxedo,,Suits,
,,,The Tux,
,,,Tudor,
,,Rochas,Moustache Edp,Recommended
,,Ard Al Zaafaran,Sada,Very Close
,,Afnan,Turathi Brown,Recommended
Yves Saint Laurent,Y,Lattafa,Fakhar Silver,Recommended
,,Szindore,Why,"Recommended, Malaysia Brand"
,,Lattafa,Malik Al Tayoor,Edp Clone ?
,,Lattafa,Yeah!,
,,Paris Corner,Prive Why,Really Close Top Notes
,,Fragrance World,F Le Parfum,
Zadig and Voltaire,This Is Her,Zara,Fields at Nightfall,