id,og_brand,og_name,og_price_eur,og_url,copy_brand,copy_name,copy_price_eur,copy_url,notes,saved_amount
1328,24,Gold Oud Edition,,,Fragrance World,Wenty Four Gold Oud Edition,,,,
1329,24,Gold Oud Edition,,,Lattafa,Raghba,,,,
2,Abercrombie and Fitch,Fierce,,,Mont Blanc, Legend,,,,
2,Abercrombie and Fitch,Fierce,,,Halloween, Man Rock on,,,,
647,Abercrombie and Fitch,Fierce,,,,Beau Acute,,,,
1330,Abercrombie and Fitch,Fierce,,,Mont Blanc,Legend Edt/ Edp,,,Recommended Edp for More Mature Scent and Performance,
1332,Abercrombie and Fitch,Fierce,,,Geparlys Parfums,Pure Icon,,,,
1334,Abercrombie and Fitch,Instinct,,,Lattafa,Ejaazi Silver,,,6ixscents: Lattafa Version of First Instinct,
1335,Acqua Di Parma,Colonia Oud,,,French Avenue,Enigma Trois,,,,
1336,Acqua Di Parma,Colonia Oud,,,Paris Corner,Emir Resurrection,,,,
959,Acqua Di Parma,Note Di Colonia Ii,,,,Fig of Amalfi,,,,
1337,Ahmed Al Maghribi,Bidun Esam,,,French Avenue,The Promise,,,,
1338,Ajmal,Hatkora Wood,,,Fragrance World,Hardcore Wood,,,,
3,Alexandre.J,Morning Muscs,,,Maison Alhambra,Modern Musk,,,,
4,Amouage,Beach Hut Man,,,Paris Corner,Killer Oud Cabana,,,,
11,Amouage,Beach Hut Man,,,La Ree Fragrances,Bungalow Tiki Man,,,,
426,Amouage,Beach Hut Man,,,,Paradise Sunrise,,,,
1341,Amouage,Blossom Love,,,Al Haramain,Junoon Rose,,,,
5,Amouage,Bracken Man,,,Fragrance World,Abraaj Brackish,,,,
1343,Amouage,Crimson Rocks,,,Fragrance World,Abraaj Carmine,,,,
1344,Amouage,Enclave,,,Fragrance World,Abraaj Enclosure,,,,
6,Amouage,Epic Man,,,Armaf,Derby Clubhouse Ascot,,,,
6,Amouage,Epic Man,,,Lattafa,Al Areeq,,,,
6,Amouage,Epic Man,,,Paris Corner,Killer Oud,,,,
617,Amouage,Epic Man,,,,Italian Waters V,,,,
1345,Amouage,Epic Man,,,Paris Corner,Killer Oud Ethic,,,,
619,Amouage,Epic Woman,,,,Mrs. Sultan’s Elixir,,,,
7,Amouage,Gold Man,,,Maison Alhambra,Brulant Oud,,,,
1349,Amouage,Honour Man,,,Fragrance World,Abraaj Revere,,,,
747,Amouage,Imitaton Man,,,,Betrayal,,,,
9,Amouage,Interlude,,,Swiss Arabian,Shaghaf Oud Abyad,,,,
9,Amouage,Interlude,,,,Al Zafaran Midnight Oud,,,,
10,Amouage,Interlude Black Iris,,,Fragrance World,Abraaj Velour Night Iris,,,,
766,Amouage,Interlude Black Iris for Men,,,,King's Precious Iris & Oud,,,,
8,Amouage,Interlude Man,,,Maison Alhambra,Ethnic Oud,,,,
8,Amouage,Interlude Man,,,Afnan,Supremacy Incense,,,,
768,Amouage,Interlude Man,,,,Midnight Oud,,,,
770,Amouage,Interlude Woman,,,,Queen’s Precious Oud,,,,
813,Amouage,Jubilation,,,,Golden Rush,,,,
814,Amouage,Jubilation Xxv Man,,,,Jubilee,,,,
1356,Amouage,Jubilation Xxv Man,,,Paris Corner,Killer Oud Jubilant,,,Recommended,
1357,Amouage,Jubilation Xxv Man,,,Paris Corner,Abraaj Oud,,,,
1358,Amouage,Lyric Man,,,Paris Corner,Killer Oud Lyre Intense,,,,
890,Amouage,Meander,,,,Harmony,,,,
1360,Amouage,Memoir Man,,,Maison Alhambra,Optus Vii,,,,
1363,Amouage,Opus Xii – Rose Incense,,,Fragrance World,Posh Alpha,,,,
1364,Amouage,Overture Man,,,Paris Corner,Killer Oud Overdose,,,,
1123,Amouage,Reflection for Her,,,,With Love From Oman,,,,
1124,Amouage,Reflection Man,,,,The Run Way,,,,
1365,Amouage,Reflection Man,,,Khadlaj Perfumes,Shiyaaka,,,Best Clone Le Male Refined,
1366,Amouage,Reflection Man,,,Paris Corner,Killer Killer Oud Revolution,,,Recommended,
1222,Amouage,Sunshine Man,,,,Aurora Borealis,,,,
1223,Amouage,Sunshine Man,,,,,,,,
1367,Amouage,Sunshine Man,,,Paris Corner,Killer Killer Oud Sunrise,,,,
1368,Antonio Banderas,Blue Seduction,,,Fragrance World,Bleu Seduction,,,,
12,Ariana Grande,Cloud,,,,Club Derby Manchester,,,,
13,Armand Basi,In Red,,,Maison Alhambra,Aromatic Rouge,,,,
351,Armani,Attitude,,,,Egyptian Attitude,,,,
431,Atelier Cologne,Bergamot Soleil,,,,Blazing Bergamot,,,,
1089,Atelier Cologne,Pomelo Paradis,,,,Pomelo From Paradise,,,,
531,Azzaro,Chrome Legend,,,,Italiano Uomo,,,,
765,Azzaro,Interlude,,,,Azzaro,,,,
1370,Azzaro,Most Wanted,,,Lattafa,Ansaam Silver,,,"Opening Like Wanted by Night, Drydown 80-90% Most Wanted",
1094,Azzaro,Pour Homme,,,,The Ruler,,,,
1240,Azzaro,The Most Wanted,,,,Oud Najdia,,,,
1371,Bath & Body Works,Mahagony Wood,,,Fragrance World,Hard Wood,,,,
1372,Bdk,Gris Charnel,,,French Avenue,Francique Bronze 63.55,,,,
1374,Bdk,Rouge Smoking,,,French Avenue,Francique Silver 107.9,,,,
554,Bdk Parfums,Creme De Cuir,,,,Novillo Leather,,,,
703,Bdk Parfums,Gris Chanel,,,,Carnal Grey,,,,
704,Bdk Parfums,Gris Charnel,,,,Liam,,,,
999,Bdk Parfums,Oud Abramad,,,,Lllllllllll,,,,
1204,Bdk Parfums,Sel D'argent,,,,Sea of Dua,,,,
1137,Bella Bellissima,Riviera Lime,,,,La Spezia Lime,,,,
250,Benigna Parfums,Absolute Celebration,,,,I Won,,,,
630,Benigna Parfums,Escape Velocity,,,,Inertia,,,,
1102,Benigna Parfums,Premier Amour,,,,Luxurious Couple,,,,
593,Billie Eilish,Eilish,,,,Nebras,,,,
15,Billie Eilish Fragrances Ellish,,,,La Ree Fragrances,Vanilla Dream,,,,
1243,Boadicea,The Victorious Azrak,,,,Dua Formula 005,,,,
1244,Boadicea,The Victorious Blue Sapphire,,,,Sapphire Sky,,,,
1245,Boadicea,The Victorious Brittania,,,,Roman Britain,,,,
1246,Boadicea,The Victorious Chariot,,,,Reins of the Steed,,,,
1247,Boadicea,The Victorious Dasman,,,,Pride of Kuwait,,,,
1248,Boadicea,The Victorious Decade,,,,Decennium,,,,
1249,Boadicea,The Victorious Glorious,,,,For the Glory,,,,
1250,Boadicea,The Victorious Green Sapphire,,,,Lush Sapphire,,,,
1251,Boadicea,The Victorious Hanuman,,,,Strength of Wind,,,,
1252,Boadicea,The Victorious Ignite,,,,Luminous Heat,,,,
1253,Boadicea,The Victorious Intricate,,,,Leather of the Complex,,,,
1254,Boadicea,The Victorious Love Potion,,,,Love Dungeon,,,,
1256,Boadicea,The Victorious Solar,,,,Solar Flare,,,,
1257,Boadicea,The Victorious Valiant,,,,Valor,,,,
1258,Boadicea,The Victorious Violet Sapphire,,,,Purple Sapphire,,,,
485,Boadicea the Victorious,Blue Sapphire,,,,Dubai Lifestyle,,,,
495,Bogetta Veneta,Bottega Veneta Pour Homme Extreme,,,,Versace Eros,,,,
16,Bond No 9,Bond 9 Bleecker St,,,Szindore,Street Harbour,,,,
16,Bond No 9,Bond 9 Bleecker St,,,La Ree Fragrances,177a,,,,
17,Bond No 9,Bond 9 Greenwich Village,,,La Ree Fragrances,Adirondack Springs.,,,,
292,Bond No. 9,Andy Warhol,,,,Montagne Pineapple Royale,,,,
465,Bond No. 9,Bleecker Street,,,,Greenwich Village,,,,
466,Bond No. 9,Bleeker St.,,,,Emerald Street,,,,
582,Bond No. 9,Dubai Indigo,,,,Stone of Awareness,,,,
583,Bond No. 9,Dubai Jade,,,,Refe,,,,
1238,Bond No. 9,Texas,,,,Lone Star,,,,
1265,Bond No. 9,Tribeca,,,,Bade'e Al Oud Honour and Glory,,,,
1379,Bottega Venetata,Bottega Venetta Pour Homme,,,Afnan,Supremacy Noir,,,,
21,Bulgari,Aqva Pour Homme,,,Maison Alhambra,Aquilo Pour Homme,,,,
822,Bulgari,Kobraa,,,,Enter the Cobra,,,,
823,Bulgari,Kobraa9,,,,Sceptre Malachite,,,,
22,Bulgari,Le Gemme Men Tygar,,,Afnan,Turathi Blue,,,,
1382,Bulgari,Le Gemme Men Tygar,,,Lattafa,Al Qiam Silver,,,,
1383,Bulgari,Le Gemme Men Tygar,,,Alexandria Fragrances,Black Panther,,,,
1384,Bulgari,Le Gemme Men Tygar,,,Armaf,Odyssey Tyrant Sspecial Edition,,,"Twist, Bdc+ Tygar + Sauvage",
1385,Bulgari,Le Gemme Men Tygar,,,Theoreme Homme,Rue Broca,,,Best Clone,
848,Bulgari,Le Gemme Orom,,,,Sceptre Oceana,,,,
1386,Bulgari,Man in Black,,,Smart Collection,410,,,95% Close- Joy Amin,
1387,Bulgari,Man in Black,,,Zara,Night Pour Homme 1,,,,
23,Bulgari,Man Wood Essence,,,Maison Alhambra,Extra Woods,,,,
1272,Bulgari,Tygar,,,,Enter the Tiger,,,,
25,Bulgari,Tygar Le Gemme,,,Maison Alhambra,Bronzite Sceptre,,,,
25,Bulgari,Tygar Le Gemme,,,Afnan,Théorème Homme Rue Broca,,,,
308,Burberry,Antique Oak,,,,Winter Woods,,,,
20,Burberry,Her Elixir,,,La Ree Fragrances,Strawberry Her Potion,,,,
330,By Kilian,Apple Brandy,,,,Wasted Moment,,,,
415,By Kilian,Back to Black,,,,Fade to Black,,,,
771,By Kilian,Intoxicated,,,,Dark Knight,,,,
910,By Kilian,Moonlight in Heaven,,,,Moonlight in Paradise,,,,
924,By Kilian,Musk Oud,,,,Darkwood Rose,,,,
26,Byredo,Bal D Afrique,,,Paris Corner,Vibrant Vetiver,,,,
420,Byredo,Bal D'afrique,,,,Azonto,,,,
422,Byredo,Bal D'afriquek,,,,Paris 1920,,,,
421,Byredo,Bal D’afrique,,,,Africano,,,,
27,Byredo,Bibliotheque,,,Maison Alhambra,Berlinetta,,,,
28,Byredo,Black Saffron,,,Maison Alhambra,by Saffron,,,,
459,Byredo,Black Saffron,,,,Darkside of Saffron,,,,
29,Byredo,Gypsy Water,,,La Ree Fragrances,Fortune Teller,,,,
903,Byredo,Mojave Ghost,,,,Mojave Sand,,,,
1111,Byredo,Pulp,,,,What You Lust for,,,,
1127,Byredo,Reine De Nuit,,,,Floral Night,,,,
1205,Byredo,Sellier,,,,Saddle Maker,,,,
30,Byredo,Sundazed,,,Lattafa,Awaan,,,,
1221,Byredo,Sundazed,,,,Dazed,,,,
31,Byredo,Tobacco Mandarin,,,Paris Corner,Emir Spicy Tobacco,,,,
1260,Byredo,Tobacco Mandarin,,,,Tabacum De Mandarino,,,,
631,Calvin Klein,Eternity,,,,Acqua Immortale,,,,
33,Calvin Klein,Euphoria,,,Maison Alhambra,Euzonea,,,,
965,Calvin Klein,Obsession for Men,,,,His Obsession,,,,
34,Carolina Herrera,212,,,Maison Alhambra,No. 2 Men,,,,
36,Carolina Herrera,Bad Boy,,,Maison Alhambra,B.a.d Homme,,,,
36,Carolina Herrera,Bad Boy,,,La Ree Fragrances,Rebal Man,,,,
37,Carolina Herrera,Burning Rose,,,Maison Alhambra,Exclusif Rose,,,,
525,Carolina Herrera,Ch Men,,,,Error 407,,,,
526,Carolina Herrera,Ch Men,,,,Sweet Suede,,,,
527,Carolina Herrera,Ch Men Prive,,,,Error 411,,,,
528,Carolina Herrera,Ch Men Prive,,,,A Private Man,,,,
607,Carolina Herrera,Emerald Musk,,,,Green Musk,,,,
43,Carolina Herrera,Golden Myrrh,,,La Ree Fragrances,Sunday Memories,,,,
35,Carolina Herrera,Good Girl,,,Bint Hooran,Ard Al Zaafaran,,,,
35,Carolina Herrera,Good Girl,,,Zara,Deep Garden,,,,
35,Carolina Herrera,Good Girl,,,La Ree Fragrances,Heels in the Bedroom,,,,
35,Carolina Herrera,Good Girl,,,Rasasi,Shahgaf Femme,,,,
678,Carolina Herrera,Good Girl,,,,Naughty Girl,,,,
1398,Carolina Herrera,Good Girl,,,Maison Alhambra,B.a.d Femme,,,,
788,Carolina Herrera,Iris Empire,,,,Dua’s Empire of Iris,,,,
38,Carolina Herrera,Mysterious Tobacco,,,Paris Corner,Charuto Mysterious Tobacco,,,,
1400,Carolina Herrera,Mysterious Tobacco,,,Maison Alhambra,Exclusif Tabac,,,Gent Scents Recommended,
1401,Carolina Herrera,Mysterious Tobacco,,,Afnan,Tobacco Rush,,,Gent Scents Recommended,
39,Carolina Herrera,Oud Couture,,,Maison Alhambra,Exclusif Oud,,,,
40,Carolina Herrera,Saffron Lazuli,,,Maison Alhambra,Exclusif Saffron,,,,
42,Carolina Herrera,Very Good Girl,,,Zara,Rose Petal Drops,,,,
1228,Caron,Tabac Blond,,,,Blonde Tabacum,,,,
928,Cartier,Must De Cartier,,,,Must De Dua,,,,
744,Cerruti,Image,,,,Error 409,,,,
272,Chanel,Allure Edition Blanche,,,,,,,,
273,Chanel,Allure Homme,,,,His Og Aspiration,,,,
274,Chanel,Allure Homme Edition Blance,,,,His Aspiration (edition Bianca).,,,,
275,Chanel,Allure Homme Sport,,,,Alpine Homme Sport,,,,
276,Chanel,Allure Homme Sport,,,,De La Marque Brune,,,,
277,Chanel,Allure Homme Sport,,,,Medalist,,,,
278,Chanel,Allure Homme Sport,,,,Wave,,,,
1406,Chanel,Allure Homme Sport,,,Paris Corner,Pendora Scents Bachelor Homme Sport,,,,
1408,Chanel,Allure Homme Sport,,,Ard Al Zaafaran,Dirgham Limited Edition,,,Best Clone,
279,Chanel,Allure Homme Sport Eau Extreme,,,,His Aspiration (extreme Sport Edition)his Aspiration (extreme Sport Edition),,,,
1409,Chanel,Allure Homme Sport Eau Extreme,,,Usa Inspired Fragrances,Fragrances- Allure Men Intense,,,Recommended,
290,Chanel,Anataeus,,,,Blast From the Past,,,,
467,Chanel,Bleu De Chane,,,,Bachelor Homme Sport,,,,
1421,Chanel,Bleu De Chanel,,,Szindore,Bleu,,,,
51,Chanel,Bleu De Chanel,,,Missoni,Parfum Pour Homme,,,,
51,Chanel,Bleu De Chanel,,,Afnan,9am Dive,,,,
51,Chanel,Bleu De Chanel,,,Essense Vault,299,,,,
468,Chanel,Bleu De Chanel,,,,Bleu De Dua,,,,
469,Chanel,Bleu De Chanel,,,,Bleu Memoire,,,,
1416,Chanel,Bleu De Chanel,,,Armaf,Club De Nuit Blue Iconic,,,Inspired,
471,Chanel,Bleu De Chanel,,,,Holl,,,,
473,Chanel,Bleu De Chanel,,,,Navy Black,,,,
475,Chanel,Bleu De Chanel,,,,Pure Instinct,,,,
476,Chanel,Bleu De Chanel,,,,Tag Him,,,,
1411,Chanel,Bleu De Chanel,,,Maison Alhambra,Blue De Chance,,,"Recommended Pretty Close, From the Decant I Try, Close to Edt",
1413,Chanel,Bleu De Chanel,,,Geparlys Parfums,Yes I Am the King Le Parfum,,,"Voted by Mfc/parfumo Best Bdc Parfum Clone, Aromatix: Best Edt Clone",
1417,Chanel,Bleu De Chanel,,,Al Haramain,Amber Oud Bleu Edition,,,,
1418,Chanel,Bleu De Chanel,,,Afnan,Historic Olmeda,,,"Inspired(bdc, Aventus, Sauvage Mix), Highly Rated",
1419,Chanel,Bleu De Chanel,,,Salvatore Ferragamo,Acqua Essenziale,,,Pretty Nice,
1420,Chanel,Bleu De Chanel,,,Armaf,Voyage Blue,,,"Voted by Mfc Best Armaf Bdc Clone, Outdated, Now Iconic",
1422,Chanel,Bleu De Chanel,,,Frank Olivier,Night Touch,,,Edtxedp,
1423,Chanel,Bleu De Chanel,,,Paris Corner,Pendora Scents the Blue,,,,
1425,Chanel,Bleu De Chanel,,,Dabalmdotcom,Bleu De Balm,,,Balm,
1427,Chanel,Bleu De Chanel,,,Talking Scents,Price and Pressurized Sprayer,,,"Incredible Scent, Price and Pressurized Sprayer, 2 Hrs of Longetivity",
477,Chanel,Bleu De Chanel Eau De Parfum,,,,Bleu De Dua Attar,,,,
479,Chanel,Bleu De Chanel Edt,,,,Amber Oud Blue,,,,
497,Chanel,Boy,,,,Dua Boy,,,,
1435,Chanel,Bye Bye Blackbird,,,Luxodor,Bye Bye Blackbird,,,,
1428,Chanel,Chance,,,Lattafa,La Muse Chance,,,,
529,Chanel,Chance Eau Tendre,,,,Applejuice,,,,
44,Chanel,Coco Mademoiselle,,,Next,Eau Nude,,,,
44,Chanel,Coco Mademoiselle,,,Armaf,Club De Nuit Woman,,,,
44,Chanel,Coco Mademoiselle,,,Lidi,Suddenly Madame Glamour,,,,
45,Chanel,Coco Mademoiselle,,,Aldi,Velvet Rose Edt,,,,
47,Chanel,Coco Mademoiselle,,,,Pendora Allusion Eau Sport Extreme,,,,
48,Chanel,Coco Mademoiselle,,,,Allure Men Intense,,,,
48,Chanel,Coco Mademoiselle,,,,Usa Inspired Fragrances,,,,
49,Chanel,Coco Mademoiselle,,,Maison Alhambra,Chants Tenderina,,,,
545,Chanel,Coromandel,,,,China Affair,,,,
546,Chanel,Coromandel,,,,Sophisticated,,,,
592,Chanel,Egoiste Platinum,,,,Old Story,,,,
665,Chanel,Gabrielle,,,,Dear Gabby,,,,
849,Chanel,Le Lion De Chanel,,,,Lion of Dua,,,,
879,Chanel,Mademoiselle,,,,Serene,,,,
1432,Chanel,Mademoiselle,,,Maison Alhambra,Como Moiselle,,,,
1434,Chanel,Platinum Egoiste,,,Frank Olivier,Eau De Passion,,,,
1075,Chanel,Platinum Egoiste,,,,Legesi,,,,
1433,Chanel,Platinum Egoiste,,,Armaf,Legasi,,,,
52,Chanel,Platinum Ēgoïste,,,Legesi Homme,Armaf,,,,
53,Chole,Edt,,,,Milton Llyoid Hawai,,,,
1020,Chopard,Oud Malaki,,,,Sotoor Waaw,,,,
288,Christian Dior,Ambre Nuit,,,,Amber Night,,,,
488,Christian Dior,Bois D'argent,,,,Silver Wood,,,,
635,Christian Dior,Fahrenheit,,,,69 Fahrenheit,,,,
643,Christian Dior,Feve Deliciouse,,,,Gourmand Kiss,,,,
733,Christian Dior,Homme Intense,,,,Velvet Iris,,,,
1017,Christian Dior,Oud Ispahan,,,,Oriental Leather,,,,
864,Christian Louboutin,Loubicrown,,,,Crowned by Dua,,,,
866,Christian Louboutin,Loubikiss,,,,A Scent Memory,,,,
867,Christian Louboutin,Loubirouge,,,,Rouge Dua,,,,
230,Clive Christian,1872,,,,Summer 1872,,,,
549,Clive Christian,Crab Apple Blossom,,,,Blooming Red,,,,
1138,Clive Christian,Rock Rose,,,,Rock & Rolla with Roses,,,,
1301,Clive Christian,X for Men,,,,Anonyme X,,,,
1302,Clive Christian,X for Women,,,,Anonyme Xx for Her,,,,
1303,Clive Christian,X Neroli,,,,Anonyme X: Neroli Edition,,,,
54,Coach,Dreams Sunset,,,Maison Alhambra,Sunset Rose,,,,
914,Contessa,Moresque,,,,Bold Sensuality,,,,
553,Creed,,,,,Creed,,,,
1437,Creed,Aventus,,,Armaf,Club De Nuit Intense Men Edt/edp/limited Edition,,,Recommended,
55,Creed,Aventus,,,,Mont Blanc Explorer,,,,
55,Creed,Aventus,,,,Lrf Successful Emperor Extrait,,,,
55,Creed,Aventus,,,,Montagne Perfume,,,,
55,Creed,Aventus,,,,Pineapple Vintage Intense,,,,
55,Creed,Aventus,,,,Lataffa Shaheen Silver,,,,
355,Creed,Aventus,,,,Al Dur Al Maknoon Silver,,,,
356,Creed,Aventus,,,,Avant,,,,
357,Creed,Aventus,,,,Brasilia,,,,
360,Creed,Aventus,,,,Essence of Peace for Men,,,,
361,Creed,Aventus,,,,I Love New York,,,,
362,Creed,Aventus,,,,L’aventure Intense,,,,
363,Creed,Aventus,,,,New Haarlem,,,,
364,Creed,Aventus,,,,Poseidon’s Cafe,,,,
366,Creed,Aventus,,,,Poseidon's Elixir 11z Go,,,,
367,Creed,Aventus,,,,Poseidon’s Elixir 13zz,,,,
375,Creed,Aventus,,,,Rumz Al Rasasi,,,,
376,Creed,Aventus,,,,Tres Bon,,,,
377,Creed,Aventus,,,,Vibrant Leather,,,,
1438,Creed,Aventus,,,Al Haramain,L'aventure (original/intense),,,Recommended,
1439,Creed,Aventus,,,Mont Blanc,Explorer,,,,
1440,Creed,Aventus,,,Lattafa,Al Dur Al Maknoon,,,"Cheap Citrus Opening, Very Smoky, After First 10 Mins, Full Smokiness, Last Maybe 5 Hrrs",
1441,Creed,Aventus,,,Lattafa,Shaheen Silver,,,"Fruit Batch, Very Good",
1443,Creed,Aventus,,,Rasasi,Zebra,,,,
1444,Creed,Aventus,,,Armaf,Supremacy Silver,,,Recmmended (opening),
1446,Creed,Aventus,,,Khadlaj Perfumes,Infini,,,,
378,Creed,Aventus (batch 11z01),,,,Brasilia Prive,,,,
1447,Creed,Aventus Absolu,,,Maison Amade,Kali Kedua,,,,
1448,Creed,Aventus Absolu,,,The Dua Brand,Posieidon's Absolu Elixir,,,"Pretty Good, More Green",
1449,Creed,Aventus Absolu,,,Scentual Obsessions,Absolute King,,,"A Hint More Spice, Very Similiar",
56,Creed,Aventus Cologne,,,,Pineapple Frais,,,,
56,Creed,Aventus Cologne,,,La Ree Fragrances,Successful Cologne,,,,
379,Creed,Aventus Cologne,,,,Brasilia Cologne,,,,
381,Creed,Aventus Cologne,,,,Poseidon's Cologne,,,,
382,Creed,Aventus for Her,,,,Amphitrite’s Elixir,,,,
383,Creed,Aventus for Her,,,,Cleopatra,,,,
384,Creed,Aventus for Her,,,,Pomme Pour Elle,,,,
385,Creed,Aventus for Her,,,,Qasamat Rasana,,,,
57,Creed,Aventus for Women,,,La Ree Fragrances,Her Success,,,,
57,Creed,Aventus for Women,,,,Al Haramain L’aventure Pour Femme,,,,
419,Creed,Baie De Genievre,,,,A Greener Dua,,,,
489,Creed,Bois De Portugal,,,,Highlands,,,,
491,Creed,Bois Du Portugal,,,,Royal Portugal,,,,
62,Creed,Erolfa,,,,Amber Oud Exclusif Emerald,,,,
62,Creed,Erolfa,,,La Ree Fragrances,Mediterranean Seas,,,,
628,Creed,Erolfa,,,,High Seas,,,,
1450,Creed,Erolfa,,,Amber Oud Exclusif,Emerald,,,,
696,Creed,Green Irish Tweed,,,,Tres Nuit,,,,
58,Creed,Green Irish Tweed,,,La Ree Fragrances,Green Ireland,,,,
58,Creed,Green Irish Tweed,,,,L'aventure Knight Al Haramain,,,,
690,Creed,Green Irish Tweed,,,,Amber Oud Carbon Edition,,,,
691,Creed,Green Irish Tweed,,,,Egra,,,,
692,Creed,Green Irish Tweed,,,,Irish Verbena,,,,
693,Creed,Green Irish Tweed,,,,L'adventure Knight,,,,
694,Creed,Green Irish Tweed,,,,Raghba for Man Limited Edition,,,,
695,Creed,Green Irish Tweed,,,,The Irish Gentleman,,,,
697,Creed,Green Irish Tweed,,,,Vert Gentilhomme,,,,
1452,Creed,Green Irish Tweed,,,Davidoff,Cool Water,,,"Dont Overspray, Dislike Detergent Opening, the Drydown Is Interesting, It Does Start to Grow on Me a Bit",
1454,Creed,Green Irish Tweed,,,Armaf,Le Parfait,,,Aventus X Green Irish Tweed,
1455,Creed,Green Irish Tweed,,,Lattafa,Raghba for Men,,,One of the Best Dupe for Git at Its Price Point,
1456,Creed,Green Irish Tweed,,,Estiara,Stag Black,,,,
1457,Creed,Green Irish Tweed,,,Al Haramain,Amber Oud Carbon,,,,
1460,Creed,Green Irish Tweed,,,Sean John,Unforgivable,,,,
699,Creed,Green Valley,,,,Vert Instinct,,,,
63,Creed,Himalaya,,,La Ree Fragrances,Alaska Winter,,,,
726,Creed,Himalaya,,,,Everest,,,,
727,Creed,Himalaya,,,,Himalaya Mountains,,,,
803,Creed,Jardin,,,,Amalfi Coast,,,,
804,Creed,Jardin D'amalfi,,,,Boschetti Della Costa,,,,
869,Creed,Love in Wait,,,,Elegance in a Bottle,,,,
896,Creed,Millesime 1849,,,,Year of 1849,,,,
897,Creed,Millesime Imperial,,,,Citron Del Mar,,,,
898,Creed,Millesime Imperial,,,,Club De Nuit Milestone,,,,
899,Creed,Millesime Imperial,,,,Imperialé Pastèque,,,,
900,Creed,Millesime Imperial,,,,Malay Aklan,,,,
59,Creed,Millésime Impérial,,,La Ree Fragrances,Golden Empire,,,,
946,Creed,Neroli Sauvage,,,,Dirty Orange,,,,
947,Creed,Neroli Sauvage,,,,Wild Neroli,,,,
995,Creed,Original Santal,,,,Origins of Santal,,,,
996,Creed,Original Santal,,,,Santal Silk,,,,
1116,Creed,Pure White Cologne,,,,Bianca Pura,,,,
1161,Creed,Royal Mayfair,,,,West End District,,,,
65,Creed,Royal Oud,,,,Lrf King Agar,,,,
65,Creed,Royal Oud,,,Afnan,Highness Green,,,,
1163,Creed,Royal Oud,,,,Highness Iii,,,,
1164,Creed,Royal Oud,,,,Royalty,,,,
1165,Creed,Royal Princess Oud,,,,Her Majesty’s Oud,,,,
1166,Creed,Royal Service,,,,The Virtuoso,,,,
1167,Creed,Royal Water,,,,Aqua Heaven,,,,
64,Creed,Santal Original,,,La Ree Fragrances,Native Santal,,,,
1211,Creed,Silver Mountain Water,,,,Maharjan Silver,,,,
60,Creed,Silver Mountain Water,,,,L'aventure Blanche Al Haramain,,,,
60,Creed,Silver Mountain Water,,,,Lrf Platinum Peaks River,,,,
60,Creed,Silver Mountain Water,,,Armaf,Cdn Sillage Creed,,,,
60,Creed,Silver Mountain Water,,,Afnan,Supremacy in Heaven,,,,
1462,Creed,Silver Mountain Water,,,Armaf,Club De Nuit Sillage,,,Recommended,
1463,Creed,Silver Mountain Water,,,Armaf,Derby Clubhouse Blanche,,,,
1464,Creed,Silver Mountain Water,,,Al Haramain,L'aventure Blanche,,,,
1467,Creed,Silver Mountain Water,,,Rasasi,Al Wisam Day,,,,
1213,Creed,Silver Mountainr,,,,Water of Arabia,,,,
1216,Creed,Spice & Wood,,,,Bois Précieux Et Épices,,,,
1282,Creed,Vetiver,,,,Vintage Roots 1948,,,,
66,Creed,Viking,,,La Ree Fragrances,Odin’s Voyage,,,,
1285,Creed,Viking,,,,Scarlet Warrior,,,,
1286,Creed,Viking Cologne,,,,Scarlet Warrior Cologne,,,,
61,Creed,Virgin Island Water,,,Oakcha,Secret Lagoon,,,,
61,Creed,Virgin Island Water,,,,Hawaiian Volcano by Alexandria,,,,
1289,Creed,Virgin Island Water,,,,Caribbean Waters,,,,
67,Creed,Viw,,,La Ree Fragrances,Private Beach,,,,
1294,Creed,White Amber,,,,Avec Élégance,,,,
543,Davidoff,Cool Water,,,,His Dua Water,,,,
544,Davidoff,Cool Water for Her,,,,Her Dua Water,,,,
681,Davidoff,Good Life,,,,Great Life,,,,
682,Davidoff,Good Life Women,,,,Her Great Life,,,,
334,Dior,Aqua Fahrenheit,,,,Celsius Water,,,,
589,Dior,Eau Sauvage,,,,Cosmopolitan Vintage,,,,
71,Dior,Fahrenheit,,,Armaf,Bois Luxura,,,,
71,Dior,Fahrenheit,,,Maison Alhambra,Fortnight,,,,
71,Dior,Fahrenheit,,,,Mercedes Benz Intense,,,,
72,Dior,Feve Delicieuse,,,Paris Corner,Frenetic Delicieuse,,,,
642,Dior,Feve Delicieuse,,,,Beauteous Delight,,,,
73,Dior,Gris Dior,,,Maison Alhambra,Grise,,,,
705,Dior,Gris Montaigne,,,,Femme Fatale,,,,
725,Dior,Higher Energy,,,,#energetic,,,,
74,Dior,Homme,,,Zara,Pour Homme 3,,,,
729,Dior,Homme,,,,Pride of Armaf Men,,,,
731,Dior,Homme Cologne,,,,Reminiscent,,,,
732,Dior,Homme Eau for Men,,,,Intense Eau Homme,,,,
75,Dior,Homme Intense,,,Paris Corner,Emir Frenetic Homme Intense,,,,
75,Dior,Homme Intense,,,Armaf,Futura La Homme,,,,
75,Dior,Homme Intense,,,Geparlys,Parfums Idole La Nuit,,,,
735,Dior,Homme Intense,,,,Kayaan Classic,,,,
1474,Dior,Homme Intense,,,Ard Alkhaleej,Sheikh Zayed Limited Edition,,,,
1475,Dior,Homme Intense,,,Paris Corner,Pendora Scents Club Intense,,,"75% Simlarity, Cheap",
1478,Dior,Homme Intense,,,Geparlys Parfums,Idole La Nuit,,,Best Clone (aromatix 2023),
579,Dior,Homme Parfum,,,,Intense Homme Attar,,,,
737,Dior,Homme Parfum,,,,Gary's Den,,,,
580,Dior,Homme Sport,,,,Intense Homme Sport,,,,
742,Dior,Hypnotic Poison,,,,Hypnotizing Venom,,,,
70,Dior,J'adore,,,,Jadin De Paris by Maison Alhambra,,,,
70,Dior,J'adore,,,Zara,Wonder Rose,,,,
1480,Dior,J'adore,,,Maison Alhambra,Jardin De Paris,,,,
1481,Dior,J'adore,,,Zara,Rose,,,,
77,Dior,Leather Oud,,,Maison Alhambra,L'oudh,,,,
78,Dior,Miss Dior,,,,Essence Fall Back to Nature,,,,
1483,Dior,Miss Dior,,,Essence,Fall Back to Nature,,,,
79,Dior,Miss Dior Blooming Bouquet,,,Zara,Nude Bouquet,,,,
80,Dior,Oud Ispahan,,,,Frank Olivier Oud Touch,,,,
1018,Dior,Oud Ispahan,,,,Oudh 36 Nuit,,,,
1485,Dior,Oud Ispahan,,,Frank Olivier,Oud Touch,,,,
81,Dior,Oud Rosewood,,,Maison Alhambra,Rose Oud,,,,
1489,Dior,Poison Girl,,,Maison Alhambra,Fusion Girl,,,,
82,Dior,Poison Girl,,,Lattafa,Yara,,,,
83,Dior,Purple Oud,,,Maison Alhambra,Purple Wood,,,,
1117,Dior,Purple Oud,,,,Arijwani Aoud,,,,
85,Dior,Sauvage,,,,Ventana Pour Homme Armaf,,,,
85,Dior,Sauvage,,,Afnan,Modest Une,,,,
85,Dior,Sauvage,,,Walid Fragrance,- Neon,,,,
85,Dior,Sauvage,,,Ajmal,Kuro,,,,
1181,Dior,Sauvage,,,,Derby Club House Intense,,,,
1182,Dior,Sauvage,,,,Hunter Intense,,,,
1184,Dior,Sauvage,,,,Modest Pour Homme Une,,,,
1186,Dior,Sauvage,,,,Salvo,,,,
1187,Dior,Sauvage,,,,Ventana,,,,
1493,Dior,Sauvage,,,Armaf,Pride of,,,Might Be Smoother Than Ventana,
1494,Dior,Sauvage,,,Armaf,Club De Nuit Urban Man Elixir,,,Dior Sauvage + Slight Creed Aventus,
1495,Dior,Sauvage,,,Armaf,Magnificent,,,,
1496,Dior,Sauvage,,,Szindore,Conquer,,,"Opening a Bit Weak But Dry Down Is Freaking Strong and Powdery, Last Forever, I Dont Quite Like the Sauvage Dna Though",
1500,Dior,Sauvage,,,Maison Alhambra,Salvo Intense,,,Edp Clone,
1501,Dior,Sauvage,,,Cyrus,Writer for Men,,,,
87,Dior,Sauvage Eau De Parfum,,,,I Am the King Ard Al Zaafaran,,,,
1189,Dior,Sauvage Edt,,,,La Ciel De Nuit,,,,
1503,Dior,Sauvage Elixir,,,Alexandria Fragrances,Ete Sauvage Elixir,,,Recommended,
86,Dior,Sauvage Elixir,,,,Alexandria Fragrances Ete Sauvage Elixir,,,,
86,Dior,Sauvage Elixir,,,Lattafa,Asad,,,,
1190,Dior,Sauvage Elixir,,,,Ciel Elixir,,,,
1191,Dior,Sauvage Elixir,,,,Montagne,,,,
1192,Dior,Sauvage Elixir,,,,Salvo Elixir,,,,
1504,Dior,Sauvage Elixir,,,Paris Corner,Pendora Scents Saviour Elixir,,,"Recommended, First 30 Min Diff, Then Similiar, 10-12 Hrs",
1506,Dior,Sauvage Elixir,,,Fragrance World,Enigma Une,,,One of the Best,
1507,Dior,Sauvage Elixir,,,Szindore,Elixir,,,,
1194,Dior,Sauvage Parfum,,,,The Savage Attar,,,,
1263,Dior,Tobacolor,,,,Color of Tabacum,,,,
1508,Dior,Tobacolor,,,Maison Alhambra,Tabac,,,,
1306,Dior Diorama,Yves Saint Laurent,,,,Opera Noir,,,,
1052,Dk Parfums,Pas Ce Soir,,,,Her Ambition,,,,
1509,Dkny,Be Delicious,,,Zara,Twilight Mauve,,,,
751,Dolce,Insense,,,,Hysteria,,,,
89,Dolce & Gabbana,Anthology L'imperatrice 3,,,Maison Alhambra,Iii L'impressio Pour Femme,,,,
1511,Dolce & Gabbana,Anthology L'Imperatrice 3,,,Lattafa,Tamima,,,,
503,Dolce & Gabbana,By Man,,,,Pour Homme,,,,
95,Dolce & Gabbana,Dolce and Gabbana K,,,,Ra'ed Luxe Lattafa,,,,
90,Dolce & Gabbana,Dolce Peony,,,Zara,Peony,,,,
815,Dolce & Gabbana,K,,,,Kingsman,,,,
816,Dolce & Gabbana,K,,,,Ra'ed Luxe,,,,
91,Dolce & Gabbana,Light Blue,,,La Ree Fragrances,Shades of Blue,,,,
91,Dolce & Gabbana,Light Blue,,,Lattafa,24k White Gold,,,,
1516,Dolce & Gabbana,Light Blue Eau Intense,,,Santalys,Invocation,,,,
93,Dolce & Gabbana,Light Blue Italian Love,,,La Ree Fragrances,Amore in Italy,,,,
92,Dolce & Gabbana,Light Blue Woman,,,,Nykaa Joie De Vivre,,,,
232,Dolce & Gabbana,Luminous Night,,,,1 & Only Luminous,,,,
233,Dolce & Gabbana,Luminous Night,,,,Moonlit Night,,,,
889,Dolce & Gabbana,Masculine,,,,Dua’s Masculinity,,,,
1095,Dolce & Gabbana,Pour Homme,,,,Vintage Man,,,,
1518,Dolce & Gabbana,The One EDT/EDP,,,Paris Corner,Pendora Scents Dream Catcher,,,,
1519,Dolce & Gabbana,The One EDT/EDP,,,Lattafa,Qasaed Al Sultan,,,,
1520,Dolce & Gabbana,The One EDT/EDP,,,Szindore,the Last One,,,"A Tad Bit More Sweet and Light/fruity, More Like Edt Clone, Malaysia Brand",
94,Dolce & Gabbana,The One Edt/edp,,,,Victorinox Swiss Army Black Steel Edt,,,,
1517,Dolce & Gabbana,The One Edt/edp,,,Victorinox,Swiss Army Black Steel Edt,,,Recommended (inspired),
96,Dolce & Gabbana,The One Exclusive Edition,,,Maison Alhambra,Nuit Royale Exclusive Edition,,,,
97,Dolce & Gabbana,The One Gold,,,Zara,Black Amber,,,,
1523,Dolce & Gabbana,The One Luminous Night,,,Zimaya,Brave Heart,,,,
98,Dunhill,Desire Red,,,,Frank Olivier Sun Java Intense,,,,
1524,Dunhill,Desire Red,,,Frank Olivier,Sun Java Intense,,,Recommended,
1525,Elie Saab,Le Parfum Royal,,,Maison Alhambra,Eminent Royal,,,,
1526,Elie Saab,Le Parfum Royal,,,Lattafa,Mazaaji,,,,
1527,Emporio Armani,Emporio Arman Because It's You,,,Maison Alhambra,Your Touch for Women,,,,
231,Emporio Armani,Leather,,,,Oud 24 Hours Majestic Gold,,,,
1528,Emporio Armani,Stronger with You,,,Paris Corner,Pendora Scents You Are Mine,,,,
1529,Emporio Armani,Stronger with You,,,Maison Alhambra,Your Touch,,,,
1530,Emporio Armani,Stronger with You,,,Zara,Amber Ego,,,,
1531,Emporio Armani,Stronger with You,,,Cyrus,Chancellor Ultimate,,,,
1532,Emporio Armani,Stronger with You,,,Armaf,Odyssey Homme White,,,Recommended,
1534,Emporio Armani,Stronger With You Absoulutely,,,Afnan,Ornament Pour Homme,,,,
1533,Emporio Armani,Stronger with You Absoulutely,,,Fragrance World,Proud of You Absolute,,,,
1535,Emporio Armani,Stronger with You Intensely,,,Geparlys Parfums,Yes I Am the King Icon,,,Recommended,
1536,Emporio Armani,Stronger with You Leather,,,Ard Al Zaafaran,Oud 24 Hrs Gold,,,Recommended,
1537,Emporio Armani,Stronger with You Oud,,,Althoor Al Alam,Ishqat Lail Forever,,,Fragrance World Subsidiary,
796,Escada,Island Kiss,,,,Tropical Kiss,,,,
881,Escada,Magnetism,,,,Sisley,,,,
904,Escentric Molecules,Molecule 01,,,,Monocline 01,,,,
100,Estée Lauder,Estee Lauder Bronze Goddess,,,Lacura,Summer Empress Edp,,,,
285,Ex Nihilo,Amber Sky,,,,Sky of Amber,,,,
652,Ex Nihilo,Fleur Narcotique Love Edition,,,,Lustful Paradise,,,,
882,Exscada,Magnetism,,,,Magnetic,,,,
645,F,Ierce,,,,#fierceattar,,,,
1539,Fleur Narcotique,Ex Nihilo,,,Maison Alhambra,Narcotic Flowaer,,,,
675,Floraiku,Gf,,,,Homecoming,,,,
502,Fragrance Du Bois,Brume Du Matin,,,,Under the Radar,,,,
857,Fragrance Du Bois,London Oud,,,,British Oud,,,,
1000,Fragrance Du Bois,Oud Bleu Intense,,,,Aoud Intense Bleu,,,,
1001,Fragrance Du Bois,Oud Bleu Intense,,,,Bleu Oud,,,,
1019,Fragrance Du Bois,Oud Jaune Intense,,,,Aoud Intense Sunlight,,,,
1023,Fragrance Du Bois,Oud Noir Intense,,,,Noir Oud,,,,
1024,Fragrance Du Bois,Oud Orange Intense,,,,Aoud Intense Orange,,,,
1025,Fragrance Du Bois,Oud Orange Intense,,,,Orange Oud,,,,
1032,Fragrance Du Bois,Oud Vert Intense,,,,Aoud Intense Vert,,,,
1033,Fragrance Du Bois,Oud Vert Intense,,,,Oud Verde,,,,
1034,Fragrance Du Bois,Oud Violet Intense,,,,Violet Oud,,,,
1066,Fragrance Du Bois,Petales De Cashmere,,,,Cashmere Flower,,,,
1178,Fragrance Du Bois,Santal Complet,,,,Rich Santal,,,,
969,Fragrance One,Office for Men,,,,Cubicle for Men,,,,
970,Fragrance One,Office for Men,,,,Ejaazi,,,,
1207,Francesca Bianchi,Sex and the Sea Neroli,,,,Tale of a Sea Seduction,,,,
535,Franck Boclet,Cocaïne,,,,Al Faris,,,,
515,Frederic Malle,Carnal Flower,,,,Carnal Desire,,,,
562,Frederic Malle,Dans Tes Bras,,,,In the Dark,,,,
639,Frederic Malle,Fajr,,,,Dusk,,,,
658,Frederic Malle,French Lover,,,,Paramour,,,,
855,Frederic Malle,Lipstick Rose,,,,Rosa’s Lipstick,,,,
921,Frederic Malle,Musc Ravageur,,,,Naram's Elixir,,,,
1093,Frederic Malle,Portrait of a Lady,,,,Portfolio Floral Sculpture,,,,
1540,Frederic Malle,Portrait of a Lady,,,Paris Corner,Identity Unique Portrait,,,,
1541,Frederic Malle,Portrait of a Lady,,,Maison Alhambra,the Artist No. 2,,,,
1542,Frederic Malle,Portrait of a Lady,,,Fragrance World,French Portrait,,,"Recommended (not for Everyone, Only If You Like Rose Heavy)",
1106,Frederic Malle,Promise,,,,Promise Exclusif,,,,
1107,Frederic Malle,Promise,,,,Promise Speciale,,,,
1108,Frederic Malle,Promise,,,,The Unbreakable Vow,,,,
1144,Frederic Malle,Rose & Cuir,,,,Rosa & Leather,,,,
1225,Frederic Malle,Superstitious,,,,#lucky,,,,
1239,Frederic Malle,The Moon,,,,Apollo,,,,
1242,Frederic Malle,The Night,,,,Dawn,,,,
103,Giorgio Armani,Acqua Di Gio,,,,Lisboa by Zara,,,,
103,Giorgio Armani,Acqua Di Gio,,,,Paris Hilton Just Me,,,,
103,Giorgio Armani,Acqua Di Gio,,,Perry Ellis,360 Red,,,,
254,Giorgio Armani,Acqua Di Gio,,,,Acqua Di Dua,,,,
104,Giorgio Armani,Acqua Di Gio Absolu,,,,Rabanne,,,,
104,Giorgio Armani,Acqua Di Gio Absolu,,,Rasasi,Hawas,,,,
104,Giorgio Armani,Acqua Di Gio Absolu,,,,Belcam G Eau Bronze,,,,
1544,Giorgio Armani,Acqua Di Gio Edt,,,Frank Olivier,Blue Touch,,,,
1545,Giorgio Armani,Acqua Di Gio Edt,,,Armaf,Blur Homme,,,,
1546,Giorgio Armani,Acqua Di Gio Edt,,,Ajmal,Shiro,,,,
257,Giorgio Armani,Acqua Di Gio Essenza,,,,Dua Essence of Water,,,,
1547,Giorgio Armani,Acqua Di Gio Essenza,,,Bentley,for Men Silverlake,,,,
1548,Giorgio Armani,Acqua Di Gio Profondo,,,Armaf,Tres Nuit Lyric,,,,
1549,Giorgio Armani,Acqua Di Gio Profondo,,,Maison Alhambra,Jorge Di Profundo,,,,
1550,Giorgio Armani,Acqua Di Gio Profondo,,,Lattafa,Liam Blue,,,,
1551,Giorgio Armani,Acqua Di Gio Profondo,,,Azzaro,Chrome Extreme,,,,
258,Giorgio Armani,Acqua Di Gio Profumo,,,,Cc,,,,
1552,Giorgio Armani,Acqua Di Gio Profumo,,,Ard Al Zaafaran,Jazzab Silver,,,Recommended,
1554,Giorgio Armani,Acqua Di Gio Profumo,,,Lattafa,Suqraat,,,Recommended,
1555,Giorgio Armani,Acqua Di Gio Profumo,,,Szindore,Mare Nostrum,,,,
256,Giorgio Armani,Acqua Di Giò Absolu,,,,All You Need Is Love,,,,
105,Giorgio Armani,Acqua Di Giò Profumo,,,,360° Red for Me Perry Ellis,,,,
106,Giorgio Armani,Adg Profondo,,,,Azzaro Chrome Extreme,,,,
1556,Giorgio Armani,Armani Prive Bleu Turqoise,,,Emper,Privé Turquoise,,,,
1557,Giorgio Armani,Armani Prive Magenta Tanzanite,,,Emper,Privé Magenta,,,,
1558,Giorgio Armani,Armani Prive Musc Shamal,,,French Avenue,Musc D'prive,,,,
342,Giorgio Armani,Armani Prive Oud Royal,,,,Opulent Oud,,,,
343,Giorgio Armani,Armani Prive Rose D'arabie,,,,Sehr Al Sheila,,,,
1560,Giorgio Armani,Armani Prive Rose D'arabie,,,Emper,Privé Arabian Rose,,,,
1561,Giorgio Armani,Armani Prive Rose Milano,,,Fragrance World,Serene Rose,,,,
344,Giorgio Armani,Armani Prive Rouge Malachite,,,,Opulent Red,,,,
345,Giorgio Armani,Armani Prive Rouge Malachite,,,,Red Mineral,,,,
1562,Giorgio Armani,Armani Prive Rouge Malachite,,,Maison Alhambra,Niche Royal Rouge,,,,
1564,Giorgio Armani,Armani Prive Vert Malachite,,,Maison Alhambra,Niche Royal Vert,,,,
110,Giorgio Armani,Code Profumo,,,Sapil,Bound,,,,
537,Giorgio Armani,Code Profumo,,,,Ahlaamak,,,,
539,Giorgio Armani,Code Profumo X 1 Million,,,,Hayaati Gold Elixir,,,,
540,Giorgio Armani,Code Sport,,,,Code of Dua,,,,
608,Giorgio Armani,Emporio,,,,You're Mine,,,,
112,Giorgio Armani,My Way,,,,Sublime Epoque by Zara,,,,
1567,Giorgio Armani,My Way,,,Lattafa,Mayar,,,,
1104,Giorgio Armani,Prive Bleu Turquoise,,,,Green Mineral,,,,
1563,Giorgio Armani,Prive Rouge Malachite,,,Emper,Privé Rouge,,,,
111,Giorgio Armani,Privé Rose D'arabie,,,Lattafa,Velvet Rose,,,,
1566,Giorgio Armani,Profumo,,,Sapil,Bound for Men,,,,
1568,Giorgio Armani,Profumo,,,Zara,Sublime Epoque,,,,
107,Giorgio Armani,Stronger with You,,,Armaf,Victory,,,,
107,Giorgio Armani,Stronger with You,,,Riiffs,Wonder of You,,,,
109,Giorgio Armani,Stronger with You Intensely,,,,Yes I Am the King Icon Geparlys,,,,
1569,Gissah Perfumes,Sava,,,Lattafa,Khamrah,,,"Khamrah Is Sava Clone, Not Angel Share",
1570,Givenchy,Gentleman Reserve Privée,,,Althoor Al Alam,Fakhir,,,Fragrance World Subsidary,
673,Givenchy,Gentlemen,,,,Adeeb,,,,
674,Givenchy,Gentlemen Only,,,,Just for You Homme,,,,
1571,Givenchy,Gentlemen Only,,,Lattafa,Just for You,,,"Close, But Synthethic a Bit with No Iris",
736,Givenchy,Homme Intense,,,,Reserve Privee,,,,
750,Givenchy,Insense,,,,#emotional,,,,
1572,Givenchy,L'interdit,,,Maison Alhambra,L'intrude,,,,
1573,Givenchy,L'interdit Rouge,,,Maison Alhambra,L'intense Rouge Addictiono,,,,
1070,Givenchy,Pi,,,,Slice of Pi,,,,
1076,Givenchy,Play Intense,,,,Intense Play with Dua,,,,
1096,Givenchy,Pour Homme,,,,The Ruler of His Empire,,,,
487,Goldfield & Banks,Bohemian Lime,,,,Artistic Lime,,,,
1047,Goldfield & Banks,Pacific Rock Moss,,,,Dua’s Mossy Rock,,,,
1297,Goldfield & Banks,Wood Infusion,,,,Infused Wood,,,,
1574,Gucci,A Chant for the Nymph,,,Maison Alhambra,the Chant,,,,
1575,Gucci,A Midnight Stroll,,,Maison Alhambra,the Trail/ the Serpent,,,,
113,Gucci,Ambrosia,,,,Floral Ambrosia by Maison Alhambra,,,,
1576,Gucci,Asong for the Rose,,,Maison Alhambra,the Myth,,,,
1577,Gucci,Bloom,,,Maison Alhambra,Floral Bloom,,,,
1578,Gucci,Bloom Ambrosia Di Fiori,,,Maison Alhambra,Floral Ambrosia,,,,
1579,Gucci,Bloom Profumo Di Fiori,,,Maison Alhambra,Floral Profumo,,,,
615,Gucci,Envy,,,,Covet,,,,
616,Gucci,Envy,,,,Invidia,,,,
1580,Gucci,Flora Edt,,,Maison Alhambra,Florence,,,,
1581,Gucci,Flora Edt,,,Zara,Cashmere Rose,,,,
114,Gucci,Flora Gorgeous Gardenia,,,,La Ree Frafrances Endless Floral Gardens,,,,
1582,Gucci,Flora Gorgeous Gardenia,,,Al Haramain,Amber Oud Ultra Violet,,,,
1583,Gucci,Guilty Pour Homme Edt,,,Zara,Silver,,,,
759,Gucci,Intense Oud,,,,Intense Oud Arabian Oryx,,,,
1584,Gucci,Pour Homme (2003),,,Bentley,for Men Absolute,,,,
1099,Gucci,Pour Homme I,,,,Man Card,,,,
1100,Gucci,Pour Homme Ii,,,,Man Card Vip,,,,
1585,Gucci,The Voice of the Snake,,,Maison Alhambra,the Trail,,,,
1296,Gucci,Winter's Spring,,,,Brisk Breeze,,,,
294,Guerlain,Angelique Noire,,,,Dark Angelica,,,,
557,Guerlain,Cuir Beluga,,,,Dua’s Suede,,,,
559,Guerlain,Cuir Intense,,,,Intense Leather,,,,
560,Guerlain,Cuir Intense,,,,Qaa'ed Al Shabaab,,,,
683,Guerlain,Gourmand Coquin,,,,Dark Chocolate,,,,
683,Guerlain,Gourmand Coquin,,,,Rum,,,,
683,Guerlain,Gourmand Coquin,,,,And Vanilla,,,,
710,Guerlain,Habit Rouge Dress Code,,,,Dua’s Dress Code,,,,
789,Guerlain,Iris Ganache,,,,Iris & White Chocolate,,,,
790,Guerlain,Iris Toreffie,,,,Iris Cafe,,,,
1586,Guerlain,L'homme Ideal,,,Armaf,Radical,,,,
831,Guerlain,L'homme Ideal Extreme,,,,Supreme L'homme Extreme,,,,
834,Guerlain,L'instant De Guerlain Pour Homme Eau Extreme,,,,#addicted,,,,
902,Guerlain,Mitsouko Extract,,,,Classic,,,,
919,Guerlain,Muguet,,,,Divine Green,,,,
1009,Guerlain,Oud Essentiel,,,,Essentials of Aoud,,,,
1589,Guerlain,Patchouli Ardent,,,Maison Alhambra,Amberley Ombre Blue,,,,
1264,Guerlain,Tonka Imperiale,,,,Tonkalicious,,,,
1292,Guerlain,Vol De Nuit,,,,Vintage 1933,,,,
486,Henry Jacques,Blue Vanille,,,,Vanille De Azur,,,,
547,Henry Jacques,Correspondence,,,,Unwritten,,,,
795,Henry Jacques,Irois,,,,Best Citrus Ever,,,,
817,Henry Jacques,Kavianca,,,,Fashionable Personality,,,,
949,Henry Jacques,No. 11 De Sacha,,,,No. 11 De Dua,,,,
286,Hermes,Ambre Narguile,,,,Amberlicious,,,,
287,Hermes,Ambre Narguille,,,,Amberlicious Coffee,,,,
584,Hermes,Eau Claire Des Merveilles,,,,Tenderness,,,,
586,Hermes,Eau De Mandarine Ambree,,,,Amber & Mandarin,,,,
587,Hermes,Eau De Rhubarbe Ecarlate,,,,Rouge Carmin,,,,
588,Hermes,Eau Des Merveilles,,,,Chic Sublime,,,,
620,Hermes,Epice Marine,,,,Timeless Citrus,,,,
791,Hermes,Iris Ukiyoe,,,,The Floating World,,,,
812,Hermes,Jour D'hermes,,,,Sunlight Daydream,,,,
1590,Hermes,Jour D'hermes Absolu,,,Lattafa,Ekhtiari,,,,
931,Hermes,Myrrhe Eglantine,,,,Lush Blend,,,,
1179,Hermes,Santal Massoia,,,,Massoa Resin,,,,
1233,Hermes,Terre D'hermes,,,,Orange County,,,,
1234,Hermes,Terre D'hermes,,,,Tour Pour Homme,,,,
1591,Hermes,Terre D'hermes,,,Armaf,Eternia Man,,,,
1593,Hermes,Terre D'hermes,,,Rasasi,Fattan,,,"Strong Pepper Note, But Pleasant Dry Down",
1235,Hermes,Terre D'hermes Eau Tres Fraiche,,,,Terre D’dua Fraiche,,,,
1594,Hermes,Twilly D'hermes,,,Maison Alhambra,Tweet,,,,
1276,Hermes,Un Jardin Apres La Mousson,,,,Anticipation,,,,
1277,Hermes,Un Jardin En Mediterranee,,,,Mediterranean Breeze,,,,
1278,Hermes,Un Jardin Sur Le Nil,,,,Complexity of Citrus,,,,
1279,Hermes,Un Jardin Sur Le Toit,,,,Pure Zen,,,,
116,Hermés,Terre D'hermes Parfum,,,,Toro by Maison Alhambra,,,,
933,House of Sillage,N.001,,,,Singularity,,,,
493,Hugo Boss,Boss No. 1,,,,Hey! Bossman,,,,
1595,Hugo Boss,Bottled,,,Chistiano Ronaldo,Christiano Legacy,,,Inspired (boss Bottled X Boss Bottled Night),
1596,Initio,Atomic Rose,,,Lattafa,Bade'e Al Oud Amethyst,,,Recommend,
1597,Initio,Atomic Rose,,,Maison Alhambra,Infini Rose,,,,
1599,Initio,Oud for Greateness,,,Maison Alhambra,Infini Oud,,,,
1600,Initio,Oud for Greateness,,,Afnan,Supremacy in Oud,,,Recommended,
149,Initio,Oud for Greatness,,,Lataffa,Oud for Glory,,,,
1601,Initio,Oud for Happiness,,,Lattafa,Al Noble Saheer,,,,
1602,Initio,Paragon,,,Lattafa,Al Nashama,,,,
1603,Initio,Side Effect,,,Fragrance World,Intro Aftermath,,,,
347,Initio Parfums,Atomic Rose,,,,O-matic Rose,,,,
926,Initio Parfums,Musk Therapy,,,,Dua Therapy,,,,
1010,Initio Parfums,Oud for Greatness,,,,Bade'e Al Oud Oud for Glory,,,,
1012,Initio Parfums,Oud for Greatness,,,,Oudh Adam,,,,
1013,Initio Parfums,Oud for Greatness,,,,Shadow Play,,,,
1049,Initio Parfums,Paragon,,,,Vintage Radio,,,,
1109,Initio Parfums,Psychedelic Love,,,,Aphrodisiac,,,,
1126,Initio Parfums,Rehab,,,,Action Nova,,,,
1210,Initio Parfums,Side Effect,,,,Collateral Damage,,,,
118,Initio Parfums Prives,Atomic Rose,,,,Bade'e Al Oud Amethyst Lattafa,,,,
120,Initio Parfums Prives,Initios Side Effect,,,Fragrance World,After Effect,,,,
1604,Issey Miyake,L'eau D'issey Pour Homme Noir Ambre,,,Asdaaf,Majd Al Sultan,,,,
1081,Issey Miyake,Polaris,,,,Qaa'ed,,,,
1606,Jean Paul Gaultier,Elixir,,,Grandeur Elite,Elit Tribal Gold,,,,
649,Jean Paul Gaultier,Fleur De Male,,,,Error 415,,,,
1607,Jean Paul Gaultier,La Belle,,,Maison Alhambra,Glacier Bella,,,,
1608,Jean Paul Gaultier,Le Beau,,,Paris Corner,Kaheela Platinium,,,,
127,Jean Paul Gaultier,Le Male,,,Cuba,Gold by Cuba for Men,,,,
851,Jean Paul Gaultier,Le Male Le Parfum,,,,Error 404 Attar,,,,
1609,Jean Paul Gaultier,Le Male Le Parfum,,,Maison Alhambra,Glacier Le Noir,,,,
1195,Jean Paul Gaultier,Scandal,,,,Jean Paul,,,,
1611,Jean Paul Gaultier,Scandal,,,Armaf,Odyssey Mandarin Sky,,,,
1610,Jean Paul Gaultier,Scandal,,,Maison Alhambra,Candid,,,,
1197,Jean Paul Gaultier,Scandal by Night,,,,Candid Tonight,,,,
1198,Jean Paul Gaultier,Scandal for Her,,,,The Candid,,,,
1613,Jean Paul Gaultier,So Scandal !,,,Maison Alhambra,So Candid,,,,
128,Jean Paul Gaultier,Ultra Male,,,,Lataffa Rqmz Silver,,,,
128,Jean Paul Gaultier,Ultra Male,,,Afnan,21:00,,,,
1273,Jean Paul Gaultier,Ultra Male,,,,Error 406,,,,
1274,Jean Paul Gaultier,Ultra Male,,,,Ramz Silver,,,,
1616,Jean Paul Gaultier,Ultra Male,,,Rue Brocha,Touche,,,,
1617,Jean Paul Gaultier,Ultra Male,,,Maison Alhambra,Glacier Ultra,,,,
1288,Jean Paul Gaultier,Vintage Le Male,,,,Error 404,,,,
463,Jo Malone,Blackberry & Bay,,,,Bay of Berries,,,,
1618,Jo Malone,Blackberry & Bay,,,Jenny Glow,Berry & Bay,,,,
501,Jo Malone,Bronze Wood & Leather,,,,Leather Woodlands,,,,
1619,Jo Malone,Dark Amber & Ginger Lily,,,Jenny Glow,Amber & Lilly,,,,
609,Jo Malone,English Oak & Hazelnut,,,,British Hazeloalk,,,,
610,Jo Malone,English Oak & Redcurrant,,,,British Redoak,,,,
1620,Jo Malone,English Pear & Freesia,,,Jenny Glow,Pear and Freesia,,,Pretty Close,
748,Jo Malone,Incense & Cedrat,,,,Citrus Incense,,,,
1621,Jo Malone,Lime Basil & Mandarin,,,Jenny Glow,Lime & Basil,,,,
1622,Jo Malone,Mimosa & Cardamom,,,Jenny Glow,Mimosa & Cardamom,,,,
929,Jo Malone,Myrrh & Tonka,,,,Dua,,,,
930,Jo Malone,Myrrh & Tonka,,,,Mr. Sillage,,,,
991,Jo Malone,Orange Bitters,,,,Citrus Saturation,,,,
998,Jo Malone,Oud & Bergamot,,,,Berga Aoud,,,,
122,Jo Malone,Pomegranate Noir,,,,Aldo No 3. Pomegranate,,,,
1088,Jo Malone,Pomegranate Noir,,,,Apple of Grenada,,,,
1624,Jo Malone,Pomegranate Noir,,,Jenny Glow,Pomegranate,,,,
124,Jo Malone,Velvet Rose & Oud,,,,The Body Shop Rebel Rosebud,,,,
1281,Jo Malone,Velvet Rose & Oud,,,,Aoud Velrose,,,,
1298,Jo Malone,Wood Sage & Sea Salt,,,,Herbs & Sea Salt,,,,
1299,Jo Malone,Wood Sage & Sea Salt,,,,Herbs & Sea Salt Special Edition,,,,
1625,Jo Malone,Wood Sage & Sea Salt,,,Jenny Glow,Wood & Sage,,,,
125,Jo Malone,Wood Sage and Sea Salt,,,Jenny Glow,Wood Sage & Sea Salt,,,,
123,Jo Malone Lime,Basil & Mandarin,,,,The Perfume Edit Lime & Basil,,,,
730,Joop!,Homme,,,,The Shit,,,,
1627,Juicy Couture,I Am Juicy Couture,,,Zara,Ultra Juicy,,,,
1626,Juicy Couture,Juicy Coutur Viva La Juicy,,,Zara,Pink Flambe,,,,
958,Juliette Has a Gun,Not a Perfume,,,,#noperfume,,,,
1628,Kajal,Lamar,,,Lattafa,Lataffa Qaed Al Fursan,,,,
591,Kayali,Eden Juicy Apple,,,,Bade'e Al Oud Subline,,,,
1629,Kayali,Invite Only Amber,,,Paris Corner,Kaheela Lux,,,,
352,Kemi Blending Magic,Aurum,,,,Strawberry,,,,
352,Kemi Blending Magic,Aurum,,,,Chocolate & Oud,,,,
130,Kilian,Angel Share,,,,Enigma Deux,,,,
130,Kilian,Angel Share,,,Paris Corner,Emir Fire Your Desire,,,,
130,Kilian,Angel Share,,,,Heavens Scent by Oakcha,,,,
130,Kilian,Angel Share,,,Maison Alhambra,Kismet Angel,,,,
130,Kilian,Angel Share,,,,Montage Intense,,,,
1631,Kilian,Angel Share,,,Fragrance World,Fragance Cocktail Intense,,,90% Similiar,
1633,Kilian,Angel Share,,,Fragrance World,Royal Blend,,,2nd Closest,
1634,Kilian,Angel Share,,,Borouj,Sillage,,,Very Close,
1635,Kilian,Angel Share,,,Alexandria Fragrances,Brooklyn Fragrance Lover,,,"Best, Closest",
1636,Kilian,Angel Share,,,Yasmeen,Khamr Share,,,,
1637,Kilian,Angel Share,,,Harumme,Angelique Du Bois,,,Inspired,
1638,Kilian,Angel Share,,,Khadlaj Perfumes,Perfume La Fede Intoxicate,,,,
295,Kilian,Angels' Share,,,,Cognac D'ange,,,,
331,Kilian,Apple Brandy,,,,Apple Cognac,,,,
1641,Kilian,Back to Black,,,Maison Alhambra,Emir When the Soul Gets High,,,,
456,Kilian,Black Phantom,,,,Phantom Noir,,,,
1642,Kilian,Good Girl Gone Bad,,,Maison Alhambra,Kismet for Women,,,,
1643,Kilian,Intoxicated,,,Paris Corner,Emir You're Drugged,,,,
134,Kilian,Killian Black Phantom,,,La Ree Fragrances,Night Wizard,,,,
133,Kilian,Killian Love Don’t Be Shy,,,La Ree Fragrances,Confident Love,,,,
132,Kilian,Killian Princess,,,La Ree Fragrances,Independent Princess,,,,
135,Kilian,Killian Roses on Ice,,,La Ree Fragrances,Winter Rose,,,,
131,Kilian,Killian Vodka on the Rocks,,,,Kismet Moscow by Maison Alhambra,,,,
1644,Kilian,Single Malt,,,The Dua Brand,Spiritus Dei,,,,
1645,Kilian,Vodka on the Rocks,,,Maison Alhambra,Kismet Moscow,,,,
296,Kilian Paris,Angels' Share,,,,Angelic Elixir,,,,
299,Kilian Paris,Angels' Share,,,,When Souls Get High,,,,
300,Kilian Paris,Angels' Share,,,,You're Drugged,,,,
416,Kilian Paris,Back to Black,,,,Honey Laced Tabac,,,,
417,Kilian Paris,Back to Black,,,,Niche White Diamond,,,,
457,Kilian Paris,Black Phantom,,,,Black Widow,,,,
655,Kilian Paris,Forbidden Games,,,,Amberythme,,,,
679,Kilian Paris,Good Girl Gone Bad,,,,Rose & Chocolate Kisses,,,,
680,Kilian Paris,Good Girl Gone Bad Extreme,,,,Extreme Rebellion,,,,
743,Kilian Paris,I Don't Need a Prince by My Side to Be a Princess,,,,Rosa on Ice,,,,
772,Kilian Paris,Intoxicated,,,,Euphoric,,,,
820,Kilian Paris,Kisses Don't Lie,,,,Soul Smoke,,,,
911,Kilian Paris,Moonlight in Heaven,,,,Heaven’s Moonlight,,,,
1077,Kilian Paris,Playing with the Devil,,,,Deal with the Devil,,,,
1140,Kilian Paris,Rolling in Love,,,,Lovebound,,,,
1153,Kilian Paris,Roses on Ice,,,,Slow Kill,,,,
1214,Kilian Paris,Single Malt,,,,The Knight,,,,
1215,Kilian Paris,Smoke for the Soul,,,,Taboo Games,,,,
1218,Kilian Paris,Straight to Heaven,,,,Nirvana,,,,
1291,Kilian Paris,Vodka on the Rocks,,,,Bottoms Up,,,,
1646,Lacoste,Blanc/ Lacoste L1212,,,Szindore,Croc,,,,
585,Lacoste,Eau De Lacoste L.12.12,,,,Red Vanilla,,,,
138,Lacoste,L12.12 White,,,Armaf,Hunter,,,,
138,Lacoste,L12.12 White,,,Zara,8,,,,
1649,Lacoste,Pour Femme,,,Maison Alhambra,Coastal Pour Femme,,,,
1650,Lalique,Encre Noire,,,Maison Alhambra,Anchor Black,,,,
1651,Lancome,Idole L'intense,,,Zara,Memoire Intense,,,,
1652,Lancome,Idole L'intense,,,Maison Alhambra,Pride,,,,
1653,Lancome,La Nuit Tresor a La Folie,,,Maison Alhambra,Nuit De Folie,,,,
1654,Lancome,La Vie Est Belle,,,Maison Alhambra,La Vita Bella,,,Recommended,
1655,Lancome,La Vie Est Belle,,,Lattafa,Al Azraa,,,Recommended,
1657,Lancome,La Vie Est Belle,,,Riffs,Wonder of You Pour Femme,,,Recommended,
1658,Lancome,La Vie Est Belle Intensement,,,Maison Alhambra,La Vita Bella Intensa,,,,
1659,Lancome,La Vie Est Belle Intensement,,,Zara,Majestic Opulence,,,,
137,Lancome, La Vie Este Belle,,,,M&s Pink Pepper,,,,
137,Lancome,La Vie Este Belle,,,Rasasi,Hawas for Her. Lancome Oud Bouquet : Swiss Arabian Shaghaf Oud,,,,
137,Lancome,La Vie Este Belle,,,Lattafa,Oud Mood,,,,
137,Lancome,La Vie Este Belle,,,Primark,Ps Love Noir,,,,
1002,Lancome,Oud Bouquet,,,,Aoud Bouquet,,,,
1003,Lancome,Oud Bouquet,,,,Damascus Rose,,,,
1004,Lancome,Oud Bouquet,,,,Inara Oud,,,,
1005,Lancome,Oud Bouquet,,,,Shaghaf Oud,,,,
1006,Lancome,Oud Bouquet Eau De Parfum,,,,Santal's Kiss,,,,
1661,Lanvin,Eclat D'arpege,,,Maison Alhambra,Aura D'eclat,,,,
305,Le Labo,Another 13,,,,Another 13 Shades,,,,
306,Le Labo,Another 13,,,,Another 14,,,,
432,Le Labo,Bergamote 22,,,,Eau Bergamote,,,,
534,Le Labo,Citron 28,,,,28 Shades of Citron,,,,
666,Le Labo,Gaiac 10,,,,Eau Gaiac,,,,
842,Le Labo,Labdanum 18,,,,24 Shades of Patchouli,,,,
854,Le Labo,Limette 37,,,,37 Shades of Limette,,,,
874,Le Labo,Lys 41,,,,41 Shades of Lys,,,,
1145,Le Labo,Rose 31,,,,18 Shades of Labdanum,,,,
1146,Le Labo,Rose 31,,,,Eau Rose,,,,
139,Le Labo,Santal 33,,,Le Monde Gourmand,Santal Supreme,,,,
1174,Le Labo,Santal 33,,,,22 Shades of Vanille Bergamot,,,,
1175,Le Labo,Santal 33,,,,Eau Santal,,,,
139,Le Labo,Santal 34,,,Oakcha,Ruhe,,,,
139,Le Labo,Santal 35,,,Zara,Energetically New York,,,,
1283,Le Labo,Vetiver 46,,,,46 Shades of Vetiver,,,,
1662,Les Liquides Imaginaires,Blanche Bête,,,Genre Parfums,Essence,,,,
508,Louis Vuitton,Cactus Garden,,,,Garden of Thorns,,,,
511,Louis Vuitton,California Dream,,,,Cali Life,,,,
632,Louis Vuitton,Etoile Filane,,,,Wish on a Star,,,,
140,Louis Vuitton,I'immensite,,,,Jean Lowe Immortal by Maison Alhambra,,,,
745,Louis Vuitton,Imagination,,,,Ab,,,,
746,Louis Vuitton,Imagination,,,,Louis,,,,
833,Louis Vuitton,L'immensite,,,,Alexandria,,,,
1663,Louis Vuitton,L'immensite,,,Maison Alhambra,Jean Lowe Immortal,,,,
1664,Louis Vuitton,Les Sables Roses,,,Paris Corner,Emir Lueur D’espoir Arena,,,,
1665,Louis Vuitton,Matiere Noire,,,Maison Alhambra,Jean Lowe Matiere,,,,
894,Louis Vuitton,Meteore,,,,#themeteore,,,,
1666,Louis Vuitton,Nouveau Monde,,,Maison Alhambra,Jean Lowe Nouveau,,,,
1667,Louis Vuitton,Nouveau Monde,,,Sterling Parfums,Flavia Nouveau Ambre,,,,
963,Louis Vuitton,Nuit De Feu,,,,Darkside of Leather,,,,
1668,Louis Vuitton,Nuit De Feu,,,Paris Corner,Emir Lueur D’espoir Noche,,,,
1670,Louis Vuitton,Ombre Nomade,,,Maison Alhambra,Jean Lower Ombre,,,,
982,Louis Vuitton,Ombre Nomade,,,,Amber Musk,,,,
983,Louis Vuitton,Ombre Nomade,,,,Faqat Lil Rijal,,,,
985,Louis Vuitton,Ombre Nomade,,,,Leather for the Ages,,,,
986,Louis Vuitton,Ombre Nomade,,,,Royal Night,,,,
1671,Louis Vuitton,Ombre Nomade,,,Zimaya,Night Shadow,,,,
988,Louis Vuitton,On the Beach,,,,#beachvibes,,,,
989,Louis Vuitton,Orage,,,,The Taste of Orange,,,,
1672,Louis Vuitton,Pur Oud,,,Maison Alhambra,Amberley Pur Oud,,,,
1220,Louis Vuitton,Sun Song,,,,The Sun Sings,,,,
1226,Louis Vuitton,Sur La Route,,,,A Citrus Route,,,,
906,M Micallef,Mon Parfum Cristal,,,,Wajd,,,,
1673,Maison Francis Kurkdijan,Baccarat Rouge 540,,,Lattafa,Rouge,,,Recommended,
1685,Maison Francis Kurkdijan,Baccarat Rouge 540 Extrait,,,Maison Alhambra,Baroque Rouge Extrait,,,Recommended,
1686,Maison Francis Kurkdijan,Baccarat Rouge 540 Extrait,,,Al Haramain,Amber Oud Ruby,,,Recommended,
1688,Maison Francis Kurkdijan,Baccarat Rouge 540 Extrait,,,Samy Andraus Fragrances,Red Sapphire,,,,
1674,Maison Francis Kurkdijan,Baccarat Rouge 541,,,Dossier,Ambery Saffron,,,Exact Same,
1675,Maison Francis Kurkdijan,Baccarat Rouge 542,,,Al Haramain,Amber Oud Rouge,,,Recommended,
1676,Maison Francis Kurkdijan,Baccarat Rouge 543,,,Armaf,Club De Nuit Untold,,,Recommended,
1677,Maison Francis Kurkdijan,Baccarat Rouge 544,,,Szindore,Royal 54,,,,
1678,Maison Francis Kurkdijan,Baccarat Rouge 545,,,Ariana Grande,Cloud,,,Recommended Sweet Cotton Candy Opening,
1679,Maison Francis Kurkdijan,Baccarat Rouge 546,,,The Woods Collection,Natural - Flame,,,,
1680,Maison Francis Kurkdijan,Baccarat Rouge 547,,,Al Haramain,Manege Rouge,,,Recommended,
1681,Maison Francis Kurkdijan,Baccarat Rouge 548,,,Maison Alhambra,Baroque Rouge 540,,,,
1682,Maison Francis Kurkdijan,Baccarat Rouge 549,,,Burberry,Her Edp,,,,
1684,Maison Francis Kurkdijan,Baccarat Rouge 551,,,Zara,Red Temptation,,,,
1689,Maison Francis Kurkdijan,Grand Soir,,,Lattafa,Pride Eternal Oud,,,,
1690,Maison Francis Kurkdijan,Grand Soir,,,Paris Corner,North Stag Neuf Ix,,,,
1691,Maison Francis Kurkdijan,Grand Soir,,,Fomo,Illusion D'un Soir,,,Gent Scents Recommended,
1692,Maison Francis Kurkdijan,Oud Satin Mood,,,Maison Alhambra,Baroque Satin Oud,,,,
263,Maison Francis Kurkdjian,Acqua Vitae Cologne Forte,,,,Acqua Del Mundo Cologne Attar,,,,
332,Maison Francis Kurkdjian,Aqua Celestia,,,,Rose for Him,,,,
333,Maison Francis Kurkdjian,Aqua Celestia Forte,,,,Rain Water,,,,
337,Maison Francis Kurkdjian,Aqua Universalis Forte,,,,Across the Universe,,,,
394,Maison Francis Kurkdjian,Baccarat Rouge 540,,,,Casino Royale,,,,
397,Maison Francis Kurkdjian,Baccarat Rouge 540,,,,For Him Red Edition,,,,
398,Maison Francis Kurkdjian,Baccarat Rouge 540,,,,Gharaam,,,,
399,Maison Francis Kurkdjian,Baccarat Rouge 540,,,,Interplay,,,,
400,Maison Francis Kurkdjian,Baccarat Rouge 540,,,,Le Bonbon,,,,
401,Maison Francis Kurkdjian,Baccarat Rouge 540,,,,Le Bonbon Intense,,,,
402,Maison Francis Kurkdjian,Baccarat Rouge 540,,,,Opulent Musk,,,,
403,Maison Francis Kurkdjian,Baccarat Rouge 540,,,,Private Musk,,,,
404,Maison Francis Kurkdjian,Baccarat Rouge 540,,,,Qasamat Bareeq,,,,
152,Maison Francis Kurkdjian,Baccarat Rouge 540 Eau De Parfum,,,Manege Rouge,Al Haramain,,,,
152,Maison Francis Kurkdjian,Baccarat Rouge 540 Eau De Parfum,,,Ana Abiyedh,Rouge Lattafa,,,,
152,Maison Francis Kurkdjian,Baccarat Rouge 540 Eau De Parfum,,,Armaf,Untold,,,,
408,Maison Francis Kurkdjian,Baccarat Rouge 540 Extrait,,,,Casino Royale Nights Attar,,,,
409,Maison Francis Kurkdjian,Baccarat Rouge 540 Extrait,,,,Casino Royale Nights Gold,,,,
410,Maison Francis Kurkdjian,Baccarat Rouge 540 Extrait,,,,Casino Royale Nights Special Edition,,,,
411,Maison Francis Kurkdjian,Baccarat Rouge 540 Extrait,,,,Dark Casino Royale Nights,,,,
412,Maison Francis Kurkdjian,Baccarat Rouge 540 Extrait,,,,Philos Rosso,,,,
153,Maison Francis Kurkdjian,Baccarat Rouge 540 Extrait De Parfum,,,,Haramain Amber Oud Ruby Edition,,,,
413,Maison Francis Kurkdjian,Baccarat Rouge 540 Extrait De Parfum,,,,Retro Flare (gold),,,,
641,Maison Francis Kurkdjian,Feminin Pluriel,,,,Pure for Her,,,,
151,Maison Francis Kurkdjian,Gentle Fluidity Gold,,,Orientica,Velvet Gold,,,,
671,Maison Francis Kurkdjian,Gentle Fluidity Silver,,,,Retro Flare (silver),,,,
684,Maison Francis Kurkdjian,Grand Soir,,,,Alha,,,,
685,Maison Francis Kurkdjian,Grand Soir,,,,Amber Grand,,,,
686,Maison Francis Kurkdjian,Grand Soir,,,,Crater,,,,
687,Maison Francis Kurkdjian,Grand Soir,,,,Eternal Oud,,,,
688,Maison Francis Kurkdjian,Grand Soir,,,,Paris Night,,,,
828,Maison Francis Kurkdjian,L'homme a La Rose,,,,Citrus Rose,,,,
1028,Maison Francis Kurkdjian,Oud Satin Mood,,,,Ministry of Oud - Oud Satin,,,,
1029,Maison Francis Kurkdjian,Oud Satin Mood,,,,Nostalgia,,,,
1067,Maison Francis Kurkdjian,Petit Matin,,,,Sunday Morning,,,,
353,Maison Margiela,Autumn Vibes,,,,Tasmeem Men,,,,
150,Maison Margiela,By the Fireplace,,,,Ameer Al Oudh Intense Oud Lattafa,,,,
504,Maison Margiela,By the Fireplace,,,,Masion Du Soir,,,,
1694,Maison Margiela,By the Fireplace,,,Paris Corner,Emir Campfire,,,85% Similiar,
1695,Maison Margiela,By the Fireplace,,,Lattafa,Raghba Wood Intense,,,Recommended(close to Btf Than Ameer Al Oud Intense Oud),
1697,Maison Margiela,By the Fireplace,,,Zara,Ebony Wood,,,,
1698,Maison Margiela,By the Fireplace,,,Zara,Bohemian Oud,,,,
810,Maison Margiela,Jazz Club,,,,Brooklyn Jazz,,,,
1700,Maison Margiela,Jazz Club,,,Paris Corner,North Stag Phenomenal Quatorze Xiv,,,,
1131,Maison Margiela,Replica Bubble Bath,,,,#soapy,,,,
1699,Maison Margiela,Replica Jazz Club,,,Dossier,Woody Tobacco,,,,
1132,Maison Margiela,Replica Matcha Meditation,,,,Matchalicious,,,,
505,Maison Martin Margiela,By the Fireplace,,,,Ameer Al Oudh Intense,,,,
506,Maison Martin Margiela,By the Fireplace,,,,Camp Fire,,,,
507,Maison Martin Margiela,By the Fireplace,,,,Majd Al Sultan Asdaaf,,,,
312,Mancera,Aoud Cafe,,,,Raghba Wood Intense for Man,,,,
327,Mancera,Aoud Vanille,,,,Aoud and Vanille,,,,
1701,Mancera,Aoud Vanille,,,Maison Alhambra,Oud Vanille,,,,
147,Mancera,Cedrat Boise,,,,Emir Cedrat Essence,,,,
521,Mancera,Cedrat Boise,,,,Cedrat Essence Emir,,,,
522,Mancera,Cedrat Boise,,,,Oudh Al Misk,,,,
523,Mancera,Cedrat Boise,,,,Raed Silver Edp,,,,
1703,Mancera,Cedrat Boise,,,Arabiyat Prestige,Ishatar Citrrus Oud,,,,
536,Mancera,Coco Vanille,,,,Qaed Al Fursan Unlimited,,,,
752,Mancera,Instant Crush,,,,Afkaar,,,,
753,Mancera,Instant Crush,,,,Super Crush,,,,
1704,Mancera,Instant Crush,,,Paris Corner,Emir Super Crush,,,,
1705,Mancera,Instant Crush,,,Monarch,Instant Gold Crush,,,,
1707,Mancera,Red Tobacco,,,Maison Alhambra,Instant Tobacco,,,,
1120,Mancera,Red Tobacco,,,,Tobacco Rouge,,,,
1706,Mancera,Red Tobacco,,,Paris Corner,Emir Wild and Tobacco,,,,
1709,Mancera,Roses Vanille,,,Lattafa,Ajwad,,,,
1710,Mancera,Roses Vanille,,,Zara,Roses Gourmand,,,,
1155,Mancera,Roses Vanille,,,,Crystal Rose,,,,
1157,Mancera,Roses Vanille,,,,Montaigne Vanille,,,,
1159,Mancera,Roses Vanille,,,,Teef Al Hub,,,,
1708,Mancera,Roses Vanille,,,Paris Corner,Emir Vanilla & Roses,,,,
1711,Mancera,Tonka Cola,,,Paris Corner,Emir Cherry Cola,,,,
805,Manos Gerakinis,Jardin Secret,,,,Luminous Charm,,,,
144,Marc Antoine,Barrois Ganymede,,,Paris Corner,Emir Celestial,,,,
144,Marc Antoine,Marc Antoine Barrois Ganymede,,,,Bois Imperial,,,,
145,Marc Jacobs,Daisy,,,Pharmacia,Blush D'orchidée,,,,
145,Marc Jacobs,Daisy,,,Avon,Eve Truth,,,,
669,Marc-antoine Barrois,Ganymede,,,,Galilean,,,,
234,Masque Milano,(homage To) Hemingway,,,,Essence of Vetiverum,,,,
870,Masque Milano,Luci Ed Ombre,,,,White Florals and Incense,,,,
909,Masque Milano,Montecristo,,,,Oglasa,,,,
1170,Masque Milano,Russian Tea,,,,Tea De Russie,,,,
1231,Masque Milano,Tango,,,,Takes 2 to Tango,,,,
1232,Masque Milano,Terralba,,,,Sardinia Provincia,,,,
1259,Masque Milano,Times Square,,,,Fashionista,,,,
542,Matiere Premiere,Cologne Cedrat,,,,Cedar Cologne,,,,
941,Matiere Premiere,Neroli Oranger,,,,Neroli & Orange Cologne,,,,
481,Mdci Parfums,Bleu Satin,,,,Satin Azure,,,,
558,Mdci Parfums,Cuir Cavalier,,,,Historic Leather,,,,
774,Mdci Parfums,Invasion Barbare,,,,Invasion of the Barbers,,,,
830,Mdci Parfums,L'homme Aux Gants,,,,Lost in Translation,,,,
68,Melanie Martinez,Cry Baby Perfume Milk,,,La Ree Fragrances,Baby’s Favorite,,,,
265,Memo Paris,African Leather,,,,African Magic,,,,
266,Memo Paris,African Leather,,,,Cuìr De Afrìcano,,,,
267,Memo Paris,African Leather,,,,Inara Black,,,,
268,Memo Paris,African Leather,,,,Wild Leather,,,,
1713,Memo Paris,African Leather,,,Maison Alhambra,Afro Leather,,,,
1714,Memo Paris,African Leather,,,Paris Corner,African Leopard,,,,
657,Memo Paris,French Leather,,,,Cuìr De Français,,,,
792,Memo Paris,Irish Leather,,,,Carve on,,,,
793,Memo Paris,Irish Leather,,,,Cuìr De Irlandés,,,,
794,Memo Paris,Irish Leather,,,,La Yuqawam Ambergris Showers,,,,
1715,Memo Paris,Irish Leather,,,Maison Alhambra,Dublin Leather,,,,
1716,Memo Paris,Irish Leather,,,Lattafa,Leather,,,Slight Twist,
799,Memo Paris,Italian Leather,,,,Cuìr De Mìlano,,,,
800,Memo Paris,Italian Leather,,,,Rome,,,,
915,Memo Paris,Moroccan Leather,,,,Cuìr De Morocco,,,,
966,Memo Paris,Ocean Leather,,,,Cuìr De Oceanic,,,,
1169,Memo Paris,Russian Leather,,,,Cuìr De Russie,,,,
1717,Memo Paris,Russian Leather,,,Maison Alhambra,Russe Leather,,,,
1209,Memo Paris,Sicilian Leather,,,,Cuir De Sicily,,,,
1230,Memo Paris,Tamarindo,,,,Costarindo,,,,
1295,Memo Paris,Winter Palace,,,,Frosted Empire,,,,
1718,Mercedes Benz,Mercedez Benz Select Night,,,Armaf,Odyssey Homme,,,,
895,Michael Kors,Midnight Shimmer,,,,Casablanca,,,,
1719,Mont Blanc,Explorer,,,Maison Alhambra,Encode,,,,
1720,Mont Blanc,Explorer Ultra Blue,,,Maison Alhambra,Encode Blue,,,,
1721,Mont Blanc,Legend Night,,,Maison Alhambra,Expose Intense,,,,
1722,Mont Blanc,Legend Spirit,,,Maison Alhambra,Expose Blanc,,,,
313,Montale,Aoud Damascus,,,,Oud Al Mubakhar,,,,
324,Montale,Aoud Queen Roses,,,,Oudi,,,,
339,Montale,Arabian Tonka,,,,Mountain Nuit Paris,,,,
738,Montale,Honey Aoud,,,,Shaghaf Oud Azraq,,,,
1723,Montale,Intense Cafe,,,Fragrance World,Mocha Wood,,,Gent Scents Recommended,
761,Montale,Intense Roses Musk,,,,Madinah,,,,
920,Montale,Mukhallat,,,,Makkah,,,,
1724,Montale,Nepal Aoud,,,Lattafa,24k Gold,,,,
1725,Montale,Rose Night,,,Lattafa,Shams Al Shampoos Rose Taifi,,,,
1726,Montale,Roses Musk,,,Maison Alhambra,Musk Vanille,,,,
908,Montblanc,,,,,Derby Club House Gold,,,,
605,Montblanc,Emblem,,,,Voyage,,,,
606,Montblanc,Emblem,,,,Futura La Homme Intense,,,,
246,Mugler,A Men Pure Havane,,,,Majestic Black,,,,
179,Mugler,Alien,,,,Milton Llyoid Stars,,,,
179,Mugler,Alien,,,Zara,Violet Blossom,,,,
148,Mugler,Pure Havane,,,,Rt Insurrection Ii Wild,,,,
1728,Narciso Rodriguez,For Her,,,Maison Alhambra,Narissa for Her,,,,
1729,Narciso Rodriguez,Narciso,,,Maison Alhambra,Narissa,,,,
934,Narciso Rodriguez,Narciso Eau De Parfum Ambrée,,,,Shahd,,,,
1730,Narciso Rodriguez,Narciso Rouge,,,Maison Alhambra,Narissa Rouge,,,,
423,Nasomatto,Baraonda,,,,Fire Mind Control,,,,
424,Nasomatto,Baraonda,,,,Liquid Mind Control,,,,
425,Nasomatto,Baraonda,,,,The God Father,,,,
438,Nasomatto,Black Afgano,,,,Anubis Kiss,,,,
439,Nasomatto,Black Afgano,,,,Rumz Al Rasasi 9453 Pour Lui,,,,
464,Nasomatto,Blamage,,,,Dignified Leather,,,,
962,Nasomatto,Nudiflorum,,,,Shurah Pour Homme,,,,
1050,Nasomatto,Pardon,,,,No Apologies,,,,
1731,Nautica,Voyage,,,Barrett Fragrances,Ocean Odyssey,,,,
1054,Nicolai Parfumeur Createur,Patchouli Incense,,,,Xtreme Patch,,,,
1055,Nicolai Parfumeur Createur,Patchouli Intense,,,,Patchouli on Fire,,,,
301,Nishane,Ani,,,,Drowning in Vanilla,,,,
302,Nishane,Ani,,,,Nasheet,,,,
303,Nishane,Ani,,,,Vanille Absolute,,,,
155,Nishane,Hacivat,,,Afnan,Supremacy Not Only Intense,,,,
155,Nishane,Hacivat,,,Lataffa, Qaed Al Fursan,,,,
711,Nishane,Hacivat,,,,Hacienda,,,,
712,Nishane,Hacivat,,,,Hacivaz,,,,
713,Nishane,Hacivat,,,,Ottoman Breeze,,,,
714,Nishane,Hacivat,,,,Ottoman Breeze Attar,,,,
939,Nishane,Nefs,,,,Century Xvi,,,,
1300,Nishane,Wulong Cha,,,,Oolong Tea,,,,
637,Nj,Fahrenheit,,,,Celsius,,,,
836,Nobile 1942,La Danza Delle Libellule,,,,Qasamat Ebhar,,,,
994,Original Brand,Original Name of Perfume,,,,Clone Name of Perfume,,,,
1326,Original Brand,Original Perfume and Their Clones,,,Clone Brand,Original and Name,,,Community Comments Personal Comments,
907,Ormond Jayne,Montabaco,,,,Gustavo,,,,
808,Ormonde,Jayne Montabaco,,,,Latin Tabacum,,,,
809,Ormonde,Jayne One.5,,,,Equilibrium 1.5,,,,
935,Ormonde Jayne,Nawab of Oud Intensivo,,,,Prince of Oud,,,,
429,Orto Parisi,Bergamask,,,,Hatkora Wood,,,,
891,Orto Parisi,Megamare,,,,#mega,,,,
892,Orto Parisi,Megamare,,,,A Chaos in the Ocean,,,,
1734,Orto Parisi,Megamare,,,Maison Alhambra,Megara,,,,
1217,Orto Parisi,Stercus,,,,Ameer Al Oudh,,,,
1237,Orto Parisi,Terroni,,,,Maahir Black Edition,,,,
1736,Orto Parisi,Terroni,,,Maison Alhambra,Maahir Black,,,,
1735,Orto Parisi,Terroni,,,Maison Alhambra,Terra,,,,
280,Parfums De Marly,Althair,,,,The Eagle Has Landed,,,,
289,Parfums De Marly,Ambre Sultan,,,,Niche Oud,,,,
1763,Parfums De Marly,Carlisle,,,Ard Al Zaafaran,Tafakhar,,,,
167,Parfums De Marly,Carlisle,,,La Ree Fragrances,Autumn Air,,,,
514,Parfums De Marly,Carlisle,,,,Cumbria,,,,
1760,Parfums De Marly,Carlisle,,,Berouj,Perladour,,,,
1761,Parfums De Marly,Carlisle,,,Maison Alhambra,Cassius,,,,
1762,Parfums De Marly,Carlisle,,,Ard Al Zaafaran,Wafa,,,Pdm Carlisle X Kilian Black Phantom,
1765,Parfums De Marly,Carlisle,,,Zara,Fashionably London,,,,
519,Parfums De Marly,Cassili,,,,Dreamy Elixir,,,,
568,Parfums De Marly,Delina,,,,Lady Diana,,,,
569,Parfums De Marly,Delina,,,,Pink Rose,,,,
570,Parfums De Marly,Delina,,,,Rose 01,,,,
571,Parfums De Marly,Delina,,,,Souvenir Floral Bouquet,,,,
1764,Parfums De Marly,Delina,,,Maison Alhambra,Delilah,,,,
165,Parfums De Marly,Delina Exclusif,,,Armaf,Imperiale,,,,
572,Parfums De Marly,Delina Exclusif,,,,Miss Congeniality,,,,
1766,Parfums De Marly,Delina Exclusif,,,Armaf,Club De Nuit White Imperiale,,,,
169,Parfums De Marly,Delina Exclusive,,,La Ree Fragrances,Bella Noble Exclusif,,,,
667,Parfums De Marly,Galloway,,,,Scottish Breed,,,,
668,Parfums De Marly,Galloway,,,,White,,,,
676,Parfums De Marly,Godolphin,,,,Galatea,,,,
700,Parfums De Marly,Greenley,,,,Dua Formula 003,,,,
170,Parfums De Marly,Greenly,,,La Ree Fragrances,on the Green,,,,
709,Parfums De Marly,Habdan,,,,Essence of Royalty,,,,
168,Parfums De Marly,Herod,,,,Divine Vanille by Essential Parfums,,,,
719,Parfums De Marly,Herod,,,,Arabian Horse,,,,
720,Parfums De Marly,Herod,,,,Hercules,,,,
721,Parfums De Marly,Herod,,,,King of Judea Attar,,,,
722,Parfums De Marly,Herod,,,,Radical Brown,,,,
723,Parfums De Marly,Herod,,,,Tobacco Noir,,,,
724,Parfums De Marly,Herod,,,,Tobacco Noir Intense,,,,
1769,Parfums De Marly,Herod,,,Maison Alhambra,Alhambbra Hercules,,,,
1770,Parfums De Marly,Kalan,,,Maison Alhambra,Kalos,,,,
162,Parfums De Marly,Layton,,,La Ree Fragrances,Country Meadow,,,,
162,Parfums De Marly,Layton,,,,Détour Noir Al Haramain,,,,
845,Parfums De Marly,Layton,,,,Royal Chariot Attar,,,,
846,Parfums De Marly,Layton,,,,Royal Equestrian,,,,
847,Parfums De Marly,Layton,,,,Vanille Fraiche (new Formulation),,,,
1771,Parfums De Marly,Layton,,,Amber Oud Exclusif,Genre Parfums,,,"Recommended, Closer Clone Than Detour Noir, Confirmed Not Haramain by Themself, Unknown Brand Copied Haramain Design",
1772,Parfums De Marly,Layton,,,Paris Corner,North Stag Deux,,,Aromatix: the New Best Clone,
1773,Parfums De Marly,Layton,,,Al Haramain,Detour Noir,,,"70% Similiar, Flater Version, Lacking Performance",
1774,Parfums De Marly,Layton,,,Maison Alhambra,Leyden,,,,
1775,Parfums De Marly,Layton,,,The Woods Collection,Natural - Dusk,,,The Best Layton Clone,
1776,Parfums De Marly,Layton,,,Luxudor,Loyal Agar,,,,
1777,Parfums De Marly,Layton,,,Harumme,Lay on Me,,,,
163,Parfums De Marly,Layton Exclusif,,,La Ree Fragrances,Country Meadow Exclusif,,,,
893,Parfums De Marly,Meliora,,,,Zee,,,,
951,Parfums De Marly,Noir De Noir,,,,Club De Nuit Intense Women,,,,
956,Parfums De Marly,Noir Extreme Twist,,,Just Jack,Noir Endurance,,,,
964,Parfums De Marly,Oajan,,,,Apple Crumb,,,,
166,Parfums De Marly,Oriana,,,Lattafa,Ansaam Gold,,,,
164,Parfums De Marly,Pagesus,,,,Rose 01 Swiss Arabian,,,,
164,Parfums De Marly,Pagesus,,,Afnan,Flower Bouquet,,,,
164,Parfums De Marly,Pagesus,,,Armaf,Craze Pdm Delina- Maison Alhambra Delilah,,,,
1058,Parfums De Marly,Pegasis Exclusif,,,,Exclusif Mythical Horse,,,,
1779,Parfums De Marly,Pegasus,,,Maison Alhambra,Perseus,,,,
1059,Parfums De Marly,Pegasus,,,,Craze,,,,
1060,Parfums De Marly,Pegasus,,,,Greek Horse,,,,
1061,Parfums De Marly,Pegasus,,,,Mythical Horse,,,,
1063,Parfums De Marly,Pegasus Exclusif,,,,Stallion Exclusif,,,,
1064,Parfums De Marly,Pegasus Exclusif,,,,Voyage Titan Pour Homme,,,,
1780,Parfums De Marly,Pegasus Exclusif,,,Maison Alhambra,Perseus Exclusif,,,,
520,Penhaligon,Cedarhalfeti,,,,Mohra,,,,
716,Penhaligon,Halfeti,,,,Village of Karaotlak,,,,
1782,Penhaligon,The Blazing Mr.sam,,,Fragrance World,Apex,,,,
482,Polo,Blue,,,,Another Blue Dua,,,,
749,Prada,Infusion D'iris,,,,Infused Iris,,,,
171,Prada,L'homme,,,,Evoke Gold for Him Ajmal,,,,
1783,Prada,L'homme,,,Ajmal,Eovke Gold,,,,
872,Prada,Luna Rossa,,,,Darkside of the Moon,,,,
264,Profumum,Acqua Viva,,,,Acqua Solaris,,,,
1141,Profumum,Roma Dulcis in Fundo,,,,Dolce Vita,,,,
875,Puredistance,M,,,,Distance,,,,
235,Rabanne,1 Million,,,,Bois Nuit,,,,
236,Rabanne,1 Million,,,,Club De Nuit,,,,
237,Rabanne,1 Million,,,,Tag-him Prestige,,,,
1738,Rabanne,1 Million,,,Zara,Uomo,,,Toned Downed Version,
1739,Rabanne,1 Million,,,Lattafa,Arqus Private One,,,,
1740,Rabanne,1 Million,,,Halloween,Man,,,,
238,Rabanne,1 Million Absolutely Gold,,,,Stronger,,,,
239,Rabanne,1 Million Elixir,,,,Atoor Al Alam Al Raiee Lil Rijal,,,,
240,Rabanne,1 Million Lucky,,,,Mousuf Brown,,,,
1741,Rabanne,1 Million Lucky,,,Ard Al Zaafaran,Mousuf,,,"Inspired, Similar for the 1st Hour, Turn Sour",
241,Rabanne,1 Million Parum,,,,Shaghaf for Men,,,,
460,Rabanne,Black Xs,,,Armaf,Italiano Nero,,,,
461,Rabanne,Black Xs,,,,,,,,
1742,Rabanne,Black Xs,,,Zara,Man Gold,,,Top Notes a Bit Diff,
1743,Rabanne,Black Xs L'exces,,,Swiss Arabian,Shaghaf Men,,,,
462,Rabanne,Black Xs L’exces,,,,Shawq,,,,
778,Rabanne,Invictus,,,,Aura,,,,
160,Rabanne,Invictus,,,Lattafa,Najdia,,,,
775,Rabanne,Invictus,,,,Rixos for Man,,,,
776,Rabanne,Invictus,,,,Ruthless,,,,
777,Rabanne,Invictus,,,,Victorioso,,,,
780,Rabanne,Invictus Aqua,,,,El Cielo Pour Homme,,,,
781,Rabanne,Invictus Aqua,,,,Error 408,,,,
783,Rabanne,Invictus Aqua,,,,Nice Sapphire,,,,
1746,Rabanne,Invictus Aqua,,,Frank Olivier,Sunrise Urban Ice,,,,
1747,Rabanne,Invictus Aqua,,,Mont Blanc,Legend Spirit,,,Recommended,
1748,Rabanne,Invictus Aqua,,,Zara,Seoul Summer,,,,
1749,Rabanne,Invictus Aqua,,,Zara,Man Blue Spirit,,,,
161,Rabanne,Invictus Aqua 2016,,,,Montblanc Legend Spirit,,,,
784,Rabanne,Invictus Legend,,,,Victorioso Legend,,,,
785,Rabanne,Invictus Victory,,,,Victorioso Victory,,,,
786,Rabanne,Invictus Victory Elixir,,,,Epoque Artistique,,,,
787,Rabanne,Invictus/ Invictus Acqua,,,,Hayaati,,,,
158,Rabanne,Lady Million,,,,Women Zara Fabulous Sweet,,,,
158,Rabanne,Lady Million,,,,Marks & Spencer Warm Neroli,,,,
1755,Rabanne,Olympea,,,Paris Corner,Pendora Scents Octavia Demure,,,,
972,Rabanne,Olympea,,,,Her Sensual Mist,,,,
1753,Rabanne,Olympea,,,Lattafa,La Muse Angel,,,,
1754,Rabanne,Olympea Blossom,,,Maison Alhambra,Olivia,,,,
1752,Rabanne,Olympea Blossom,,,Maison Alhambra,Olivia Blossom,,,,
159,Rabanne,Olympéa,,,Superdrug Layering Lab,Body Mist Paradise,,,,
157,Rabanne,One Million,,,,Westside Leather and Spice,,,,
1065,Rabanne,Percival,,,,Legendary Knight,,,,
1756,Rabanne,Phantom,,,Lattafa,Hayaati Al Maleky,,,,
1202,Rabanne,Sedley,,,,Leedys,,,,
1203,Rabanne,Sedley,,,,Maahir Legacy,,,,
1208,Rabanne,Shagya,,,,Arabian Breed,,,,
1082,Ralph Lauren,Polo,,,,Vintage 1978,,,,
1083,Ralph Lauren,Polo Green,,,,Bet on Green,,,,
1084,Ralph Lauren,Polo Red,,,,Bet on Red,,,,
1085,Ralph Lauren,Polo Sport,,,,Endorphin for Him,,,,
1086,Ralph Lauren,Polo Sport,,,,Gamer,,,,
1087,Ralph Lauren,Polo Supreme Cashmere,,,,Bet on Cashmere,,,,
173,Ralph Lauren,Romance,,,Next,Just Pink,,,,
1142,Ralph Lauren,Romance for Her,,,,Her Affair,,,,
1143,Ralph Lauren,Romance for Him,,,,His Affair,,,,
1785,Rasasi,Hawas,,,Rasasi,Rassai Nafeis Al Shaghaf,,,Fresh Version of Hawas,
1786,Robert Cavalli,Deep Desire,,,Maison Alhambra,Le Carmine Pour Femme,,,,
821,Robert Piguet,Knightsbridge,,,,Spellbound,,,,
175,Roja Dove,Elysium,,,Paris Corner,Emir Trillium,,,,
175,Roja Dove,Elysium,,,,Fa Paris Divin Asylum,,,,
244,Roja Parfums,51 Pour Femme,,,,Dua Street 51 Femme,,,,
245,Roja Parfums,A Goodnight Kiss,,,,Nightly Kiss,,,,
247,Roja Parfums,A Midsummer Dream,,,,Enchantment,,,,
269,Roja Parfums,Ahlam for Women,,,,Inimitable Personality,,,,
282,Roja Parfums,Amber Aoud,,,,Gold Oudh,,,,
283,Roja Parfums,Amber Aoud Absolue Precieux,,,,Oud Ambre Absolu,,,,
284,Roja Parfums,Amber Oud,,,,Burj Khalifa,,,,
328,Roja Parfums,Apex,,,,Highness X,,,,
1787,Roja Parfums,Britannia,,,Ard Al Zaafaran,Shafaq,,,,
499,Roja Parfums,Brittania,,,,Shafaq Ard Al Zafaran,,,,
500,Roja Parfums,Brittania,,,,The Kingdom of Uk,,,,
512,Roja Parfums,Candy Aoud,,,,Candylicious,,,,
532,Roja Parfums,Chypre Extraordinaire,,,,Chypré X,,,,
551,Roja Parfums,Creation E,,,,King Tut,,,,
552,Roja Parfums,Creation-e,,,,Midnight with the Mobster,,,,
561,Roja Parfums,Danger,,,,Lethal,,,,
567,Roja Parfums,De La Nuit 3,,,,Exotic 3,,,,
573,Roja Parfums,Diaghilev,,,,Impresario,,,,
574,Roja Parfums,Diaghilev,,,,Trepak,,,,
594,Roja Parfums,Elixir Pour Femme,,,,Lady Elixir,,,,
595,Roja Parfums,Elysiuim,,,,Supernova,,,,
596,Roja Parfums,Elysiuim,,,,Supernova 2tone Gold & Silver,,,,
597,Roja Parfums,Elysiuim,,,,Supernova Cologne Special Edition,,,,
598,Roja Parfums,Elysium,,,,Elysian Fraiche,,,,
599,Roja Parfums,Elysium,,,,Elysian Soleil,,,,
600,Roja Parfums,Elysium,,,,Elysian Zest,,,,
601,Roja Parfums,Elysium,,,,Supernova Rebirth,,,,
1788,Roja Parfums,Elysium,,,Alexandria Fragrances,Zion,,,,
1789,Roja Parfums,Elysium,,,Fragrance World,Fragance Imperium,,,,
1790,Roja Parfums,Elysium,,,Fragrance World,- Divin Asylum,,,Closest Dupe,
1792,Roja Parfums,Elysium,,,The Dua Brand,Supernova Attar,,,Heavy Oil Concentration,
602,Roja Parfums,Elysium Parfum Cologne,,,,Elysian Cologne,,,,
603,Roja Parfums,Elysium Parfum Cologne,,,,Elysian Intense,,,,
611,Roja Parfums,Enigma,,,,Enigmatic Exclusif,,,,
612,Roja Parfums,Enigma,,,,Enigmatic Spéciale,,,,
613,Roja Parfums,Enigma Aoud,,,,The Mobster’s Aoud,,,,
614,Roja Parfums,Enigma Pour Femme,,,,Mrs. Mobster,,,,
689,Roja Parfums,Great Britain,,,,Britain,,,,
707,Roja Parfums,H Aoud,,,,Alpha Aoud,,,,
708,Roja Parfums,H the Exclusive Black Tier,,,,Exclusive Tier,,,,
717,Roja Parfums,Haute Parfumerie Semi-bespoke 24,,,,Private Reserve 24,,,,
835,Roja Parfums,L'oscar,,,,Pure London,,,,
868,Roja Parfums,Love,,,,My Love,,,,
880,Roja Parfums,Madison Pour Femme,,,,Bucharest Elixir Femme,,,,
887,Roja Parfums,Manhattan,,,,Manhattan Booze,,,,
923,Roja Parfums,Musk Aoud,,,,Regal Musk Oud,,,,
967,Roja Parfums,Oceania,,,,Ocean of Dua,,,,
1793,Roja Parfums,Oceania,,,Makin' Scents,Triton,,,Recommended,
971,Roja Parfums,Oligarch,,,,The Monarch,,,,
1071,Roja Parfums,Pierre De Velay 16,,,,Le-puy-en-velay 16,,,,
1072,Roja Parfums,Pierre De Velay 4,,,,Le Puy En Velay 4,,,,
1139,Roja Parfums,Roja Haute Luxe,,,,Gold Label,,,,
1168,Roja Parfums,Royale No. 4,,,,Forbidden No. 4,,,,
1199,Roja Parfums,Scandal Pour Femme,,,,Wicked! Femme,,,,
1200,Roja Parfums,Scandal Pour Homme,,,,Wicked!,,,,
1219,Roja Parfums,Sultanate of Oman,,,,Kingdom of Oman,,,,
1227,Roja Parfums,Sweetie Aoud,,,,Scrumptious,,,,
1229,Roja Parfums,Taif Aoud,,,,Majestic Taif,,,,
1284,Roja Parfums,Vetiver Extrait,,,,Vetivero,,,,
1794,Rosendo Mateu Olfactive Expressions,"Amber, Sensual Musk",,,Lattafa,Pride Ishq Al Shuyukh Gold,,,"Not As Floral, Close to Ysl Babycat Than Rosendo Mateu Nº 5",
524,Royal Crown,Celebration,,,,Elated,,,,
1201,Royal Crown,Sea Island,,,,Adventure Island,,,,
646,Sauvage,Fierce,,,,Edition One Men,,,,
1796,Shiseido,Zen,,,Maison Alhambra,Zen,,,,
1057,Slumberhouse,Pear + Olive,,,,Succulent,,,,
251,Sospiro,Accento,,,,Accent,,,,
304,Sospiro,Anniversary,,,,Dua’s Anniversary,,,,
622,Sospiro,Erba Pura,,,,Tropical Aura,,,,
581,Spiritueuse,Double Vanille,,,,Vanille Overload,,,,
916,Stephanie Humbert Lucas 777,Mortal Skin,,,,Immortal,,,,
177,Thameen,Carved Oud,,,Borouj,Lamastat Oud,,,,
177,Thameen,Carved Oud,,,Lattafa,Zaffiro Crafted Oud,,,,
516,Thameen,Carved Oud,,,,Ziffirino,,,,
178,Thameen,Regent Leather,,,Lattafa,Zaffiro Regale Thameen,,,,
1798,Thameen,Regent Leather,,,Maison Alhambra,Zaffiro Regale,,,,
249,The One,Abercrombie & Fitch,,,,Dua’s Instinct,,,,
1266,The Spirit of Dubai,Turath,,,,Heritage,,,,
248,Thierry Mugler,A*men Pure Havane,,,,When in Havana,,,,
271,Thierry Mugler,Alien Oud Majestueux,,,,Alienated Aoud,,,,
1115,Thierry Mugler,Pure Malt,,,,Killer Instinct,,,,
1275,Thierry Mugler,Ultra Zest,,,,Zest,,,,
291,Tiziana Terenzi,Andromeda,,,,Anarch,,,,
556,Tiziana Terenzi,Cubia,,,,Sorrento,,,,
706,Tiziana Terenzi,Gumin,,,,Gusta,,,,
818,Tiziana Terenzi,Kirke,,,,Karaat,,,,
819,Tiziana Terenzi,Kirke,,,,Kenzy,,,,
1800,Tiziana Terenzi,Kirke,,,Lattafa,Confidential Private Gold,,,,
824,Tiziana Terenzi,Kuma,,,,Magnifico,,,,
997,Tiziana Terenzi,Orza,,,,La Vela,,,,
1080,Tiziana Terenzi,Poggia,,,,Pogi,,,,
1090,Tiziana Terenzi,Porpora,,,,Love Nectar,,,,
229,Tom Ford,8,,,,London Destination,,,,
340,Tom Ford,Arabian Wood,,,,Ebony De Arabia,,,,
428,Tom Ford,Beau De Jour,,,,Zino,,,,
190,Tom Ford,Bitter Peach,,,,Bright Peach Maison Alahmbra,,,,
434,Tom Ford,Bitter Peach,,,,Bright Peach,,,,
436,Tom Ford,Bitter Peach,,,,Just Peach,,,,
437,Tom Ford,Bitter Peach,,,,Sour Peach,,,,
442,Tom Ford,Black Opium,,,,Ambery Vanilla,,,,
443,Tom Ford,Black Opium,,,,Black Optra,,,,
444,Tom Ford,Black Opium,,,,Diva!,,,,
446,Tom Ford,Black Opium,,,,Fleur Noire,,,,
447,Tom Ford,Black Opium,,,,Gardenia,,,,
448,Tom Ford,Black Opium,,,,Little Black Dress,,,,
449,Tom Ford,Black Opium,,,,Midnight Nymph,,,,
451,Tom Ford,Black Opium,,,,Revolutionary Noire,,,,
194,Tom Ford,Black Orchid,,,Ard Al Zaafaran,Oud 24 Hours,,,,
453,Tom Ford,Black Orchid,,,,Black Spice Orchid,,,,
454,Tom Ford,Black Orchid,,,,Celestial Flower,,,,
1803,Tom Ford,Black Orchid,,,Maison Alhambra,Black Origami,,,,
492,Tom Ford,Bois Marocain,,,,Wood of Morocco,,,,
509,Tom Ford,Cafe Rose,,,,Dark Pleasure,,,,
510,Tom Ford,Cafe Rose,,,,Roses in the Cafe,,,,
183,Tom Ford,Cherry Smoke,,,La Ree Fragrances,Campfire Cherry,,,,
548,Tom Ford,Costa Azzura,,,,Stanley Beach,,,,
187,Tom Ford,Ebene Fume,,,,Ebony Fume Fragrance World,,,,
590,Tom Ford,Ebene Fume,,,,Smoked Ebony,,,,
1804,Tom Ford,Ebene Fume,,,Maison Alhambra,Ebony Fume,,,,
633,Tom Ford,Extreme Noir,,,,The Extreme,,,,
634,Tom Ford,F*cking Fabulous,,,,Funtastic,,,,
648,Tom Ford,Fleur De Chine,,,,Flower of China,,,,
650,Tom Ford,Fleur De Portofino,,,,Italian Bouquet,,,,
661,Tom Ford,Fucking Fabulous,,,,F'ing Unbelievable,,,,
663,Tom Ford,Fucking Fabulous,,,,Fabuloso Intense,,,,
701,Tom Ford,Grey Vetiver,,,,50 Shades of Gray,,,,
702,Tom Ford,Grey Vetiver,,,,Vetiver Vibes,,,,
797,Tom Ford,Italian Cypress,,,,Italian Decorum,,,,
798,Tom Ford,Italian Cypress,,,,Italian Forest,,,,
802,Tom Ford,Japon Noir,,,,Nights of Japan,,,,
806,Tom Ford,Jasmin Rouge,,,,Regal Jasmine,,,,
843,Tom Ford,Lavender Extreme,,,,X-treme Lavanda,,,,
182,Tom Ford,Lost Cherry,,,,Alexandria's Fructus Virginis,,,,
182,Tom Ford,Lost Cherry,,,Lovely Cherie,Maison Alahmbra,,,,
182,Tom Ford,Lost Cherry,,,Amberry,Cherry by Dossier,,,,
182,Tom Ford,Lost Cherry,,,,Popped Cherry by Dua,,,,
182,Tom Ford,Lost Cherry,,,,Montagne Parfum De Cerise,,,,
859,Tom Ford,Lost Cherry,,,,Boozy Cherry,,,,
860,Tom Ford,Lost Cherry,,,,Cherry Smoothie,,,,
861,Tom Ford,Lost Cherry,,,,Parfum De Cerise,,,,
1806,Tom Ford,Lost Cherry,,,Maison Alhambra,Lovely Cherie,,,,
1807,Tom Ford,Lost Cherry,,,Afnan,Turathi Red,,,,
1809,Tom Ford,Lost Cherry,,,Dossier,Ambery Cherry,,,,
1810,Tom Ford,Lost Cherry,,,Chez Pierre,Fiction,,,,
1811,Tom Ford,Mandarino Di Almafi,,,Just Jack,Almafi Coast,,,,
191,Tom Ford,Mandarino Di Amalfi,,,,Almar Coast Just Jack,,,,
884,Tom Ford,Mandarino Di Amalfi,,,,Artisan Blu,,,,
885,Tom Ford,Mandarino Di Amalfi,,,,Citrus Splash,,,,
1812,Tom Ford,Metallique,,,Dossier,Powdery Hawthorn,,,,
917,Tom Ford,Moss Breches,,,,Chypré Suprême,,,,
925,Tom Ford,Musk Pure,,,,Dua’s Purity of Musk,,,,
1813,Tom Ford,Nerli Portofino,,,Maison Alhambra,Porto Neroli,,,,
1814,Tom Ford,Nerli Portofino,,,Al Haramain,Portfolio Neroli Canvas,,,Stronger Than Original,
942,Tom Ford,Neroli Portofino,,,,Alexandria Port,,,,
943,Tom Ford,Neroli Portofino,,,,Neroli of Genoa,,,,
181,Tom Ford,Neroli Portofino Edp,,,,Portfolio Neroli Canvas Al Haramain,,,,
181,Tom Ford,Neroli Portofino Edp,,,,Jeanne En Provence Neroli Intense,,,,
181,Tom Ford,Neroli Portofino Edp,,,,Alhambra Porto Neroli,,,,
181,Tom Ford,Neroli Portofino Edp,,,,Mark & Spencers Sea Salt and Neroli,,,,
184,Tom Ford,Noir,,,Armaf,Odyssey Black,,,,
950,Tom Ford,Noir Anthracite,,,,Coal of Dua,,,,
952,Tom Ford,Noir De Noir,,,,Night Rosa,,,,
953,Tom Ford,Noir Edp,,,,Amber Pour Homme Intense,,,,
185,Tom Ford,Noir Extreme,,,,Nior Endurance Just Jack,,,,
955,Tom Ford,Noir Extreme,,,,Select Night,,,,
973,Tom Ford,Ombre Leather,,,,Mirsaal of Trust,,,,
974,Tom Ford,Ombre Leather,,,,Noir En Leather,,,,
975,Tom Ford,Ombre Leather,,,,Rare Carbon,,,,
976,Tom Ford,Ombre Leather,,,,Shumoukh Al Ghutra,,,,
978,Tom Ford,Ombre Leather,,,,Vintage Suede,,,,
1819,Tom Ford,Ombre Leather,,,Maison Alhambra,Amber & Leather,,,,
1021,Tom Ford,Oud Minaral,,,,Wajwood,,,,
1022,Tom Ford,Oud Minerale,,,,Aoud & Minerals,,,,
189,Tom Ford,Oud Minérale,,,My Perfumes,Oud Al Saqr,,,,
188,Tom Ford,Oud Wood,,,,Woody Oud Maison Alahmbra,,,,
188,Tom Ford,Oud Wood,,,,Aafiya Oud Silvestre,,,,
1035,Tom Ford,Oud Wood,,,,Bois Oudh,,,,
1036,Tom Ford,Oud Wood,,,,"E1005=hyperlink(""https://alexandriafragrances.com/collections/niche-inspirations/products/agar"",""agar"")",,,,
1037,Tom Ford,Oud Wood,,,,Icon Absolute,,,,
1038,Tom Ford,Oud Wood,,,,Oud Bois,,,,
1039,Tom Ford,Oud Wood,,,,Supremacy Gold,,,,
1040,Tom Ford,Oud Wood,,,,Versace Pour Homme Oud Noir,,,,
1041,Tom Ford,Oud Wood,,,,Woody Oud,,,,
1044,Tom Ford,Oud Wood Intense,,,,Agar Intense,,,,
198,Tom Ford,Plum Japonais,,,,La Ree Springtime in Japan,,,,
1079,Tom Ford,Plum Japonais,,,,Forbidden Plum,,,,
1091,Tom Ford,Porto Neroli,,,,Amalfi Sunray,,,,
1149,Tom Ford,Rose Prick,,,,Rose Addict,,,,
1150,Tom Ford,Rose Prick,,,,Rose Petals,,,,
1177,Tom Ford,Santal Blush,,,,Adam Levine for Women,,,,
180,Tom Ford,Soleil Blanc,,,Just Jack,Blanc,,,,
180,Tom Ford,Soleil Blanc,,,,H&m Sunray,,,,
1824,Tom Ford,Soleil Blanc,,,Zara,Soleil Decade,,,,
196,Tom Ford,Tobacco Oud,,,Perfume Parlour,Wood Leaf Tobacco Oud,,,,
196,Tom Ford,Tobacco Oud,,,,T. Habanero Rania J,,,,
195,Tom Ford,Tobacco Vanille,,,,Amber Oud Tobacco Edition Al Haramain,,,,
195,Tom Ford,Tobacco Vanille,,,Maison Alhambra,Tobacco Touch,,,,
195,Tom Ford,Tobacco Vanille,,,,Charuto Tobacco Vanille,,,,
1825,Tom Ford,Tobacco Vanille,,,Al Haramain,Amber Oud,,,,
1828,Tom Ford,Tobacco Vanille,,,Ard Al Zaafaran,Arad Wafa,,,,
1829,Tom Ford,Tobacco Vanille,,,Zara,Warm Black,,,,
1830,Tom Ford,Tobacco Vanille,,,Just Jack,Tobacco Leaf,,,,
192,Tom Ford,Tuscan Leather,,,Maison Alhambra,Toscano Leather,,,,
192,Tom Ford,Tuscan Leather,,,Rasasi,La Yuqawam,,,,
1280,Tom Ford,Uomo Noir Absolu,,,,Midnight Ecstasy Killer Oud,,,,
197,Tom Ford,Vanille Fatale,,,,Nuit D'issey Pulse of the Night by Issey Miyake,,,,
1834,Tom Ford,Velvet Orchid,,,Just Jack,Wild Orchid,,,,
199,Tom Ford,Violet Blonde,,,,Blondie by Dua,,,,
1835,Valentino,Uomo Intense,,,Saint Hilaire,Ambre Chic,,,,
1836,Valentino,Uomo Intense,,,Milestone Perfumes,Valencia Uomo Intense,,,,
201,Valentino,V,,,Rasasi,Daarej,,,,
1837,Valentino,Voce Viva,,,Maison Alhambra,Voices,,,,
260,Versace,Acqua Di Giò Profumo,,,,Al Qannas,,,,
1838,Versace,Bright Crystal,,,Maison Alhambra,Versencia Crystal,,,,
1839,Versace,Crystal Noir,,,Maison Alhambra,Versencia Noir,,,,
204,Versace,Dylan Blue,,,,Bulgari Aqua Atlantiqve,,,,
202,Versace,Eau Fraiche,,,Armaf,Aura Fresh,,,,
629,Versace,Eros,,,,All You Need Is Desire,,,,
1841,Versace,Eros,,,Guess,Los Angeles 1981,,,Recommended(inspired),
1843,Versace,Eros,,,Lattafa,Blue Sapphire,,,,
1844,Versace,Eros,,,Szindore,Amayas,,,,
203,Versace,Eros Edt,,,Riiffs,Imperial Blue,,,,
1845,Versace,Eros Flame,,,Maison Alhambra,Versencia Rouge,,,,
1846,Versace,Eros Flame,,,Fragrance World,Fragance Des Tentacious Flame,,,,
205,Versace,Pour Homme,,,Rasasi,Hatem,,,,
1097,Versace,Pour Homme,,,,Sauville Pour Homme,,,,
1848,Versace,Versense,,,Maison Alhambra,Versencia Essence,,,,
1850,Victoria Secret,Bombshell Edp,,,Zara,Orchid,,,,
1851,Victoria Secret,Bombshell Intense,,,Maison Alhambra,Pink Shimmer Secret Intense,,,,
1852,Victoria Secret,Bombshell Oud,,,Maison Alhambra,Pink Shimmer Secret Oud,,,,
1853,Victoria Secret,Very Sexy Night,,,Maison Alhambra,Very Velvet Noir,,,,
1854,Victoria Secret,Very Sexy Orchid,,,Maison Alhambra,Very Velvet Orchid,,,,
1855,Victoria Secret,Very Sexy Rouge,,,Maison Alhambra,Very Velvet Rouge,,,,
1856,Victoria Secret,Very Sexy Sea,,,Maison Alhambra,Very Velvet Aqua,,,,
1287,Viktor & Rolf,,,,,Floral Shock,,,,
307,Viktor & Rolf,Antidote,,,,Counterattack,,,,
206,Viktor & Rolf,Flower Bomb,,,Zara,Oriental,,,,
653,Viktor & Rolf,Flowerbomb,,,,Flower Orchid,,,,
654,Viktor & Rolf,Flowerbomb,,,,Heavy Petal,,,,
1857,Viktor & Rolf,Flowerbomb,,,Maison Alhambra,Victoria Flower,,,,
207,Viktor & Rolf,Spicebomb,,,,Signature Night Armaf,,,,
1858,Viktor & Rolf,Spicebomb,,,Remy Latour,Cigar Black Wood,,,,
208,Viktor & Rolf,Spicebomb Extreme,,,Reha,Initio Parfums Prives,,,,
1859,Viktor & Rolf,Spicebomb Extreme,,,Bulgari,Man in Black,,,,
1860,Viktor & Rolf,Spicebomb Extreme,,,Cremo,Spice & Black Vanilla,,,,
858,Widian,Londong,,,,London,,,,
242,Xe,24 Gold,,,,24 Carat Pure Gold,,,,
1862,Xerjoff,1861 Naxos,,,Perfume Parlour,Greek Island 1950,,,,
243,Xerjoff,40 Knots,,,,Ramz Gold,,,,
252,Xerjoff,Accento,,,,Voux Violette,,,,
1863,Xerjoff,Accento,,,Maison Alhambra,Philos Centro,,,,
270,Xerjoff,Alexandria Ii,,,,Alexander the Great,,,,
329,Xerjoff,Apollonia,,,,Zimaya Musk Is Great,,,,
496,Xerjoff,Bouquet Ideale,,,,Inara White,,,,
517,Xerjoff,Carved Oud,,,,Voux Elegante,,,,
518,Xerjoff,Casamorati Lira,,,,Lyra,,,,
210,Xerjoff,Dama Bianca,,,,Al Haramaine Junoon Noir,,,,
621,Xerjoff,Erba Gold,,,,Oudain,,,,
211,Xerjoff,Erba Pura,,,,Al Haramain Amber Oud Gold Edition,,,,
623,Xerjoff,Erba Pura,,,,Al-shir Edp,,,,
624,Xerjoff,Erba Pura,,,,Ana Abiyedh,,,,
625,Xerjoff,Erba Pura,,,,Shaghaf Oud Ahmar,,,,
626,Xerjoff,Erba Pura,,,,Voux Turquoise,,,,
627,Xerjoff,Erba Pura,,,,Zimaya Amber Is Great,,,,
1865,Xerjoff,Erba Pura,,,Maison Alhambra,Philos Pura,,,,
801,Xerjoff,Italica,,,,Italian Caramel,,,,
856,Xerjoff,Lira,,,,Chocolate Dream,,,,
912,Xerjoff,More Than Words,,,,Karnak Temple,,,,
913,Xerjoff,More Than Words,,,,Maahir,,,,
213,Xerjoff,Naxos,,,,Insurrection Pure 2 Wild,,,,
213,Xerjoff,Naxos,,,Paris Corner,Emir Voux Elegante,,,,
937,Xerjoff,Naxos,,,,Sicilian Tobacco,,,,
938,Xerjoff,Naxos 1861,,,,1981x,,,,
1868,Xerjoff,Opera,,,Maison Alhambra,Philos Opus Noir,,,,
1133,Xerjoff,Richwood,,,,Rich Bois,,,,
1134,Xerjoff,Richwood,,,,Valley of the Kings,,,,
212,Xerjoff,Symphonium,,,,Chocolaye Makes Me Happy by Unique Luxury,,,,
212,Xerjoff,Symphonium,,,,Boss the Scent Private Accord,,,,
1048,Yohji Yamamoto,Paradox,,,,Paris Oud,,,,
215,Yves Saint Lauren,Black Opium,,,,Lovali Black Addiction,,,,
220,Yves Saint Lauren,Laurent Libre,,,,Bbw Fairytale,,,,
221,Yves Saint Lauren,Libre Intense,,,Maison Alhambra,Libbra Intense,,,,
222,Yves Saint Lauren,Mon Paris,,,Coach,the Fragrance by Coach,,,,
222,Yves Saint Lauren,Mon Paris,,,Dossier,Fruity Brown Sugar,,,,
222,Yves Saint Lauren,Mon Paris,,,La Rive,She's Mine,,,,
225,Yves Saint Lauren,Rive Gauche Pour Homme,,,Armaf,Black Onyx,,,,
225,Yves Saint Lauren,Rive Gauche Pour Homme,,,,Azzaro Pour Homme,,,,
223,Yves Saint Lauren,Tuxedo,,,,Moustache Eau De Parfum Rochas,,,,
223,Yves Saint Lauren,Tuxedo,,,Maison Alhambra,Kismet / the Tux,,,,
224,Yves Saint Lauren,Y,,,Armaf,Odyssey Mega,,,,
224,Yves Saint Lauren,Y,,,Lattafa,Fakhar Black,,,,
1871,Yves Saint Laurent,Babycat,,,Arabiyat Prestige,Nayel Queen,,,,
387,Yves Saint Laurent,Babycat,,,,Arabiyat Prestige Nayel Queen,,,,
388,Yves Saint Laurent,Babycat,,,,Ishq Al Shyuykh Gold,,,,
390,Yves Saint Laurent,Babycat,,,,Rifaaqat,,,,
452,Yves Saint Laurent,Black Opium,,,,#ERROR!,,,,
827,Yves Saint Laurent,L'homme,,,,Homme Classique,,,,
832,Yves Saint Laurent,L'homme Parfum Intense,,,,Niche Platinum,,,,
838,Yves Saint Laurent,La Nuit De L'homme,,,,Ombre Noir,,,,
1876,Yves Saint Laurent,La Nuit De L'homme,,,Ted Lapidus,Poker Face,,,,
1877,Yves Saint Laurent,La Nuit De L'homme,,,Guess,Seduction Homme Blue,,,,
1878,Yves Saint Laurent,La Nuit De L'homme Blue Electrique,,,Fragrance World,Jack of Clubs,,,,
1879,Yves Saint Laurent,Libre,,,Maison Alhambra,Libbra,,,,
853,Yves Saint Laurent,Libre Intense,,,,Golden Decade,,,,
1880,Yves Saint Laurent,Libre Intense,,,Lattafa,Tharwah Gold,,,,
1881,Yves Saint Laurent,Libre Intense,,,Sterling Parfums,Flavia Excellus Next,,,,
877,Yves Saint Laurent,M7,,,Lataffa,Sheikh Al Shuyukh Final Edition,,,,
876,Yves Saint Laurent,M7,,,,Ejazzi Silver Intense,,,,
878,Yves Saint Laurent,M7 Oud Absolu,,,,Musamam,,,,
1883,Yves Saint Laurent,Mon Paris,,,Zara,Vibrant Leather for Her,,,,
1884,Yves Saint Laurent,Mon Paris,,,Maison Alhambra,My Party,,,,
1136,Yves Saint Laurent,Rive Guche Pour Homme Intense,,,,Niche Black Onyx,,,,
1269,Yves Saint Laurent,Tuxedo,,,,Suits,,,,
1270,Yves Saint Laurent,Tuxedo,,,,The Tux,,,,
1271,Yves Saint Laurent,Tuxedo,,,,Tudor,,,,
1885,Yves Saint Laurent,Tuxedo,,,Rochas,Moustache Edp,,,Recommended,
1888,Yves Saint Laurent,Tuxedo,,,Ard Al Zaafaran,Sada,,,Very Close,
1889,Yves Saint Laurent,Tuxedo,,,Afnan,Turathi Brown,,,Recommended,
1890,Yves Saint Laurent,Y,,,Lattafa,Fakhar Silver,,,Recommended,
1892,Yves Saint Laurent,Y,,,Szindore,Why,,,"Recommended, Malaysia Brand",
1894,Yves Saint Laurent,Y,,,Lattafa,Malik Al Tayoor,,,Edp Clone ?,
1895,Yves Saint Laurent,Y,,,Lattafa,Yeah!,,,,
1896,Yves Saint Laurent,Y,,,Paris Corner,Prive Why,,,Really Close Top Notes,
1897,Yves Saint Laurent,Y,,,Fragrance World,F Le Parfum,,,,
227,Zadig and Voltaire,This Is Her,,,Zara,Fields at Nightfall,,,,
